id,context,question,option_a,option_b,option_c,option_d,correct_answer
1,"Procesorul este componenta principala a unui calculator, responsabila cu executarea instructiunilor programului.",Care este rolul procesorului intr-un calculator?,A gestiona conexiunile la internet,A executa instructiunile programului,A stoca datele pe hard disk,A afisa imaginile pe ecran,B
2,"Ion Creanga este considerat unul dintre cei mai importanti prozatori romani, cunoscut pentru opera 'Amintiri din copilarie'.",Cine a scris 'Amintiri din copilarie'?,George Cosbuc,Tudor Arghezi,Mihai Eminescu,Ion Creanga,D
3,"O structura de date de tip stiva respecta principiul LIFO — Last In, First Out.",Ce principiu urmeaza o stiva?,Selectie dupa prioritate,"Primul intrat, primul iesit","Ultimul intrat, primul iesit",Ordine aleatoare,C
4,Algoritmul de sortare prin insertie compara fiecare element cu cele deja sortate si il plaseaza in pozitia corecta.,Cum functioneaza algoritmul de sortare prin insertie?,Cauta elementul cel mai mic si il pune primul,Sorteaza elementele in ordine inversa,Compara fiecare element cu cele deja sortate si il insereaza corect,Grupeaza elementele in perechi si le compara,C
5,"Fotosinteza este procesul prin care plantele produc substante organice folosind dioxid de carbon, apa si lumina solara.",Ce este fotosinteza?,Procesul prin care plantele absorb minerale,Procesul prin care plantele respira,Procesul prin care plantele produc substante organice cu ajutorul luminii,Procesul prin care plantele pierd apa,C
6,Mitocondria este organitul celular responsabil de producerea energiei in celula.,Care este functia principala a mitocondriei?,Producerea energiei celulare,Sinteza proteinelor,Controlul diviziunii celulare,Depozitarea energiei,A
7,ADN-ul contine informatia genetica necesara pentru dezvoltarea si functionarea organismelor vii.,Ce rol are ADN-ul in celula?,Stocheaza informatia genetica,Produce proteine,Depoziteaza energia chimica,Controleaza miscarea moleculelor,A
8,Revolutia franceza a avut loc intre anii 1789 si 1799 si a dus la abolirea monarhiei absolute.,Ce consecinta majora a avut Revolutia franceza?,A instaurat monarhia constitutionala,A intarit monarhia,A abolit monarhia absoluta,A restabilit feudalismul,C
9,"Mihai Viteazul este cunoscut pentru prima unire a Tarii Romanesti, Moldovei si Transilvaniei in anul 1600.",Ce fapt istoric este asociat cu Mihai Viteazul?,"Prima unire a Tarii Romanesti, Moldovei si Transilvaniei",Independenta Romaniei,Mica Unire din 1859,Razboiul de Independenta,A
10,"Primul Razboi Mondial a izbucnit in 1914 si s-a incheiat in 1918, ca urmare a tensiunilor dintre marile puteri europene.",Cand a avut loc Primul Razboi Mondial?,1900–1910,1912–1914,1918–1922,1914–1918,D
11,Inflatia reprezinta cresterea generalizata si sustinuta a preturilor bunurilor si serviciilor intr-o economie.,Ce este inflatia?,Cresterea salariilor in sectorul public,Scaderea preturilor pe termen lung,Cresterea generalizata a preturilor,Stabilitatea valorii banilor,C
12,Cererea este cantitatea de bunuri sau servicii pe care consumatorii sunt dispusi sa le cumpere la un anumit pret.,Ce reprezinta cererea pe piata?,Profitul obtinut de vanzatori,Cantitatea de bunuri dorita de consumatori la un anumit pret,Diferenta dintre costuri si venituri,Cantitatea de produse oferita de firme,B
13,PIB-ul (Produsul Intern Brut) masoara valoarea totala a bunurilor si serviciilor finale produse intr-o tara intr-un an.,Ce indica PIB-ul?,Valoarea totala a bunurilor si serviciilor finale,Rata inflatiei anuale,Nivelul datoriilor publice,Suma exporturilor nete,A
14,Energia cinetica este energia asociata miscarii unui corp si depinde de masa si de viteza acestuia.,De ce factori depinde energia cinetica a unui corp?,Doar de viteza corpului,De temperatura,Doar de masa,De masa si de viteza,D
15,"Forta gravitationala este forta de atractie dintre doua corpuri, proportionala cu masele lor si invers proportionala cu patratul distantei dintre ele.",Ce este forta gravitationala?,Forta care respinge corpurile intre ele,Forta care mentine corpurile in echilibru,Forta de atractie dintre doua corpuri,Energia unui corp in miscare,C
16,"Arhitectura von Neumann definește structura de bază a unui calculator, incluzând memoria, unitatea de calcul, unitatea de control și dispozitivele de intrare/ieșire.",Care sunt componentele principale ale arhitecturii von Neumann?,"Procesorul grafic, tastatura, hard disk-ul","Memoria, unitatea de calcul, unitatea de control și dispozitivele I/O","Monitorul, placa de sunet și imprimanta",Doar memoria și procesorul,B
17,Unitatea de control coordonează prelucrarea informației numerice și gestionează fluxul instrucțiunilor dintr-un program.,Ce rol are unitatea de control într-un calculator?,Asigură conectarea la rețea,Execută operații logice și aritmetice,Controlează ordinea de execuție a instrucțiunilor,Stochează informația binară,C
18,"Unitatea de calcul efectuează operațiile propriu-zise asupra datelor, de tip logic sau aritmetic.",Ce tip de operații realizează unitatea de calcul?,Operații logice și aritmetice,Operații grafice și audio,Operații de salvare pe disc,Operații de rețea,A
19,"Memoria primară a unui calculator stochează atât datele, cât și instrucțiunile necesare execuției programelor.",Ce se stochează în memoria primară a unui calculator?,Doar datele utilizatorului,Doar rezultatele finale ale calculelor,Datele și instrucțiunile programelor,Doar fișierele audio și video,C
20,"Un calculator numeric este un dispozitiv electronic capabil să prelucreze, să stocheze și să transmită informații numerice.",Ce reprezintă un calculator numeric?,Un dispozitiv mecanic de scris,Un dispozitiv electronic care prelucrează informații numerice,Un aparat de măsură,Un software de birou,B
21,Limbajul de programare C a fost dezvoltat între anii 1971-1973 de Dennis Ritchie în laboratoarele Bell ca o extindere a limbajului B.,Cine a dezvoltat limbajul C și când?,"Alan Turing, 1949","Bjarne Stroustrup, 1985","James Gosling, 1995","Dennis Ritchie, între 1971-1973",D
22,"Standardul C89/C90 reprezintă prima versiune oficială standardizată a limbajului C, aprobată de ANSI în 1989.",Care a fost primul standard oficial al limbajului C?,C++98,C11,C99,C89/C90,D
23,"C este un limbaj de nivel mediu, ceea ce înseamnă că oferă un echilibru între ușurința de programare și performanța de execuție.",Ce înseamnă că limbajul C este de nivel mediu?,Are o sintaxă foarte simplă,Este un limbaj de asamblare,Combină avantajele limbajelor de nivel înalt cu performanța celor de nivel jos,Este un limbaj destinat exclusiv sistemelor de operare,C
24,"C a fost folosit pentru dezvoltarea sistemelor de operare, a driverelor și a aplicațiilor încorporate datorită vitezei și controlului asupra resurselor hardware.",În ce domenii este folosit predominant limbajul C?,Editare grafică și jocuri video,Procesare de imagini și inteligență artificială,"Sisteme de operare, drivere și aplicații încorporate",Pagini web și aplicații mobile,C
25,Procesorul controlează execuția instrucțiunilor și efectuează operațiile logice și aritmetice prin intermediul registrelor sale interne.,Cum contribuie procesorul la funcționarea calculatorului?,Doar afișează rezultatele pe ecran,Gestionează doar memoria RAM,Controlează execuția instrucțiunilor și efectuează calcule logice și aritmetice,Rulează aplicații grafice,C
26,"Unitatea centrală de prelucrare (CPU) conține unitatea de control, unitatea de calcul și mai mulți regiștri de uz general, stare și segment.",Ce componente conține CPU-ul?,Sistemul de operare și aplicațiile utilizatorului,Memoria RAM și placa video,"Unitatea de control, unitatea de calcul și regiștrii",Doar unitatea de control,C
27,"Memoria este organizată în locații identificate prin adrese, fiecare locație stocând o cantitate fixă de informație binară.",Cum este organizată memoria unui calculator?,În blocuri grafice de date,În registre temporare ale procesorului,În locații identificate prin adrese unice,În directoare logice,C
28,"Un bit este cea mai mică unitate de informație, având două valori posibile: 0 sau 1.",Ce reprezintă un bit?,"Cea mai mică unitate de informație, cu valori 0 sau 1",O instrucțiune a procesorului,O valoare numerică între 0 și 255,O adresă de memorie,A
29,"Un octet (sau byte) este o secvență de 8 biți, reprezentând adesea dimensiunea unui cuvânt de memorie.",Ce este un octet?,O secvență de 8 biți,Un tip de procesor,O instrucțiune în limbajul C,Un algoritm de codificare,A
30,"Dispozitivele de intrare/ieșire (I/O) asigură comunicarea calculatorului cu mediul extern, prin introducerea și extragerea informațiilor.",Care este rolul dispozitivelor de intrare/ieșire?,Permit introducerea și extragerea informațiilor din calculator,Conectează calculatorul la internet,Asigură protecția datelor,Gestionează memoria internă,A
31,"Programul este o secvență de instrucțiuni mașină, care trebuie încărcate în memoria primară pentru a fi executate.",Ce reprezintă un program din punct de vedere al execuției?,Un set de fișiere text,Un cod sursă necompilat,O aplicație grafică instalată pe calculator,O secvență de instrucțiuni mașină încărcate în memorie,D
32,"Ciclul instrucțiunii este procesul prin care procesorul recuperează, decodifică și execută instrucțiunile din memorie.",Care sunt etapele ciclului instrucțiunii?,"Compilare, rulare, afișare","Fetch, decode, execute","Transmitere, recepție, conversie","Citire, scriere, salvare",B
33,"Sistemele de numeratie definesc modurile de reprezentare a numerelor utilizând baze diferite, precum 2, 8, 10 sau 16.",Ce reprezintă un sistem de numeratie?,Un model de arhitectură hardware,Un tip de algoritm,O metodă de stocare a datelor,Un set de reguli pentru reprezentarea numerelor într-o bază dată,D
34,Un algoritm este o secvență de pași logici care descriu modul de rezolvare a unei probleme.,Ce este un algoritm?,Un set de pași logici pentru rezolvarea unei probleme,O limbă de programare,Un dispozitiv hardware,O metodă de stocare a datelor,A
35,Reprezentarea informației numerice în calculator se face folosind semnale discrete care pot lua un număr finit de valori.,Cum este reprezentată informația numerică într-un calculator?,Prin semnale discrete cu valori numerice limitate,Prin text simplu,Prin semnale analogice continue,Prin imagini grafice,A
36,"Limbajul C a fost dezvoltat în cadrul laboratoarelor Bell, de către Ken Thompson și Dennis Ritchie, ca o extindere a limbajului B.",Cine a dezvoltat limbajul de programare C și în ce context?,"Ken Thompson și Dennis Ritchie, la laboratoarele Bell","Linus Torvalds, pentru sistemul Linux","James Gosling, în cadrul Sun Microsystems","Bill Gates, la Microsoft",A
37,"Limbajul B, predecesorul limbajului C, a fost influențat de BCPL, un limbaj de programare a sistemelor dezvoltat în anii 1960.","Ce limbaj a influențat dezvoltarea limbajului B, precursorul lui C?",Pascal,Java,Fortran,BCPL,D
38,"Primul standard oficial al limbajului C, cunoscut ca ANSI C sau C89, a fost aprobat în decembrie 1989.",În ce an a fost aprobat primul standard oficial al limbajului C?,1999,1989,2011,1978,B
39,"Standardul C99 a adus modificări importante limbajului C, inclusiv suport pentru comentarii în stil C++ și noi tipuri de date.",Ce îmbunătățiri majore a introdus standardul C99?,Comentarii în stil C++ și noi tipuri de date,O nouă sintaxă pentru clase,Un compilator grafic integrat,Suport pentru orientare pe obiecte,A
40,"C este apreciat pentru simplitatea și performanța sa, fiind considerat un limbaj de bază pentru învățarea programării.",De ce este apreciat limbajul C?,Pentru că este un limbaj de asamblare,"Pentru simplitate, putere și performanță",Pentru interfața sa vizuală,Pentru ușurința de utilizare în grafică 3D,B
41,"Limbajul C stă la baza unei game largi de alte limbaje moderne, precum C++, Java, C#, Swift sau Python.",Ce limbaje moderne au fost influențate de C?,"HTML, CSS, JavaScript","Rust, Kotlin, COBOL","Ruby, PHP, SQL","Java, C++, C#, Swift, Python",D
42,C este considerat un limbaj de nivel mediu deoarece combină controlul hardware al limbajelor de nivel jos cu ușurința de utilizare a celor de nivel înalt.,De ce este considerat C un limbaj de nivel mediu?,Pentru că este ușor de compilat,Pentru că oferă un echilibru între controlul hardware și ușurința programării,Pentru că este folosit doar în microcontrolere,Pentru că este bazat pe Java,B
43,"C a fost folosit pentru dezvoltarea sistemelor de operare populare precum Unix, Linux și Windows.",Pentru ce tipuri de aplicații a fost folosit limbajul C?,Pentru aplicații web și mobile,Pentru procesarea imaginilor,Pentru sistemele de operare și drivere,Pentru grafica 3D și animație,C
44,Un algoritm este o succesiune de pași logici care rezolvă o problemă specifică într-un număr finit de etape.,Ce reprezintă un algoritm în informatică?,Un proces de stocare a datelor,O secvență logică de pași pentru rezolvarea unei probleme,O listă de fișiere de cod,Un program scris într-un limbaj de asamblare,B
45,Calitatea unui algoritm poate fi evaluată în funcție de dimensiunea problemei și timpul de rezolvare.,Cum se poate evalua calitatea unui algoritm?,Prin dimensiunea problemei și timpul de rezolvare,Prin aspectul interfeței grafice,Prin numărul de funcții folosite,Prin numărul de linii de cod,A
46,"Un program reprezintă implementarea unui algoritm într-un limbaj de programare, sub forma unui set de instrucțiuni executabile.",Care este relația dintre algoritm și program?,Un program este traducerea unui algoritm într-un limbaj de programare,Programul este doar o parte din algoritm,Un algoritm este un program neexecutabil,Sunt concepte identice,A
47,Simularea unui algoritm presupune urmărirea pas cu pas a execuției acestuia pentru a verifica corectitudinea rezultatelor.,Ce presupune simularea unui algoritm?,Testarea vizuală a unei interfețe grafice,Traducerea codului într-un alt limbaj,Verificarea pas cu pas a execuției algoritmului,Executarea codului în limbaj de asamblare,C
48,"Reprezentarea informației numerice se bazează pe sisteme de numerație, cum ar fi baza 2 (binar), 8 (octal), 10 (zecimal) și 16 (hexazecimal).",Care sunt cele mai utilizate baze de numerație în informatică?,"2, 8, 10 și 16","3, 5, 7 și 9","1, 2, 3 și 10","4, 6, 8 și 12",A
49,"Codificarea informației numerice permite reprezentarea datelor sub formă de biți, folosind standarde precum ASCII sau Unicode.",Ce rol are codificarea informației numerice?,Optimizează viteza de procesare a datelor grafice,Îmbunătățește calitatea imaginilor,Reduce dimensiunea fișierelor audio,Permite reprezentarea datelor în format binar standardizat,D
50,Unitatea de control a prelucrării din CPU gestionează fluxul instrucțiunilor și semnalele de comandă necesare execuției.,Ce funcție are unitatea de control a prelucrării?,Controlează fluxul și ordinea execuției instrucțiunilor,Gestionează interfața cu utilizatorul,Salvează datele temporare,Execută calcule matematice complexe,A
51,"Regiștrii procesorului pot fi de mai multe tipuri: de uz general, de stare, de segment sau de adresare.",Care este rolul registrelor procesorului?,Depozitează fișiere permanente,Traduc codul sursă în cod mașină,Controlează dispozitivele periferice,Stochează temporar date și adrese în timpul execuției programelor,D
52,Memoria RAM este considerată memorie primară și este utilizată pentru stocarea temporară a datelor și instrucțiunilor programelor în execuție.,Ce rol are memoria RAM într-un calculator?,Stochează datele permanent,Gestionează fișierele de sistem,Stochează temporar datele și instrucțiunile programelor în execuție,Asigură comunicarea între periferice,C
53,"Dispozitivele de I/O pot fi de intrare, ieșire sau combinate, permițând interacțiunea utilizatorului cu sistemul.",Care dintre următoarele este un exemplu de dispozitiv de intrare/ieșire?,Joystick,Imprimantă,Tastatură,Monitor,A
54,"Instrucțiunea mașină este o comandă executabilă de procesor, corespunzând unei operații elementare.",Ce reprezintă o instrucțiune mașină?,O secvență de cod sursă necompilată,Un fișier de configurare,O comandă executabilă de procesor,Un fișier binar pentru stocare,C
55,"Ciclul instrucțiunii include pașii de preluare, decodificare și execuție a unei instrucțiuni din memorie.",Care este ordinea corectă a etapelor din ciclul instrucțiunii?,"Load, run, save","Fetch, decode, execute","Execute, decode, fetch","Decode, fetch, execute",B
56,"Un calculator numeric este un dispozitiv electronic capabil să prelucreze, să stocheze și să transmită informații numerice.",Ce funcții principale îndeplinește un calculator numeric?,Execută exclusiv calcule matematice simple,Controlează dispozitivele mecanice,Doar stochează datele temporar,"Prelucrează, stochează și transmite informații numerice",D
57,"Modelul black-box descrie calculatorul ca un sistem cu intrări și ieșiri, fără a evidenția procesele interne.",Ce reprezintă modelul black-box al unui calculator?,O schemă detaliată a procesorului,Un model care descrie doar conexiunile de rețea,O reprezentare a componentelor hardware,Un model care arată doar interacțiunea dintre intrări și ieșiri,D
58,Informația numerică este reprezentată prin semnale discrete care pot lua un număr finit de valori numerice.,Cum este reprezentată informația numerică într-un calculator numeric?,Prin imagini și sunete comprimate,Prin semnale analogice continue,Prin semnale discrete cu valori limitate,Prin simboluri grafice,C
59,"Sistemele de numeratie definesc moduri diferite de reprezentare a numerelor, folosind baze precum 2, 8, 10 sau 16.",Care sunt cele mai utilizate baze de numeratie în informatică?,"1, 2, 3 și 10","2, 8, 10 și 16","4, 7, 9 și 11","3, 5, 9 și 12",B
60,Reprezentarea pozițională a numerelor se bazează pe valoarea cifrei și pe poziția acesteia în cadrul numărului.,Pe ce principiu se bazează reprezentarea pozițională a numerelor?,Pe combinații arbitrare de simboluri,Pe suma simbolurilor utilizate,Pe ordinea alfabetică a cifrelor,Pe valoarea cifrei și poziția sa în număr,D
61,"Arhitectura von Neumann definește componentele fundamentale ale unui calculator: unitatea de calcul, unitatea de control, memoria și dispozitivele de intrare/ieșire.",Ce componente definește arhitectura von Neumann?,"Hard disk-ul, tastatura și imprimanta","Memoria, procesorul grafic și monitorul","Unitatea de calcul, unitatea de control, memoria și I/O","CPU, GPU și placa de sunet",C
62,Unitatea de control gestionează ordinea execuției instrucțiunilor și generează semnalele de comandă necesare procesării.,Care este rolul principal al unității de control?,Controlează ordinea execuției instrucțiunilor și fluxul datelor,Îndeplinește funcții grafice,Stochează informația binară permanent,Execută calcule matematice,A
63,Unitatea aritmetico-logică (ALU) efectuează operațiile logice și aritmetice asupra datelor.,Ce tipuri de operații efectuează unitatea aritmetico-logică (ALU)?,Operații de rețea și afișare,Operații logice și aritmetice,Operații de memorie virtuală,Operații de input/output,B
64,"CPU-ul conține unitatea de control, unitatea de calcul și un set de registre utilizate pentru stocarea temporară a datelor.",Ce componente principale conține CPU-ul?,Unitatea de afișare și unitatea de rețea,Memoria RAM și ROM,"Unitatea de control, unitatea de calcul și registrele",Memoria cache și placa video,C
65,Memoria unui calculator este alcătuită din locații de memorie identificate prin adrese unice.,Cum sunt identificate locațiile de memorie într-un calculator?,Prin nume simbolice,Prin valori binare ale procesorului,Prin adrese unice,Prin etichete de fișiere,C
66,Un bit reprezintă cea mai mică unitate de informație și poate avea două valori: 0 sau 1.,Ce reprezintă un bit?,O adresă de memorie,O instrucțiune de programare,"Cea mai mică unitate de informație, 0 sau 1",Un registru din procesor,C
67,Un octet (byte) este format din 8 biți și este unitatea de bază pentru reprezentarea caracterelor și datelor.,Câți biți conține un octet?,6,4,8,10,C
68,"Capacitatea memoriei este exprimată în multipli binari: kilobyte (KB), megabyte (MB), gigabyte (GB) etc.",Cum este exprimată capacitatea memoriei unui calculator?,"În multipli binari (KB, MB, GB)","În multipli decimali (1000, 1000000)",În multipli de biți,În multipli de procesor,A
69,Dispozitivele de I/O (input/output) asigură introducerea și extragerea informațiilor din calculator.,Ce rol au dispozitivele de I/O?,Permit comunicarea dintre calculator și mediul extern,Gestionează conexiunile de rețea,Asigură alimentarea cu energie a sistemului,Salvează datele în memoria internă,A
70,"Un exemplu de dispozitiv de intrare este tastatura, iar un exemplu de dispozitiv de ieșire este imprimanta.",Care dintre următoarele este un dispozitiv de ieșire?,Senzorul de mișcare,Tastatura,Imprimanta,Mouse-ul,C
71,Programele reprezintă secvențe de instrucțiuni mașină încărcate în memoria primară pentru execuție.,Ce trebuie să se întâmple cu un program înainte de a fi executat?,Să fie convertit în format grafic,Să fie salvat pe hard disk,Să fie arhivat într-un fișier ZIP,Să fie compilat și încărcat în memoria primară,D
72,"Ciclul instrucțiunii include etapele: preluare (fetch), decodificare (decode) și execuție (execute).",Care este ordinea corectă a etapelor din ciclul instrucțiunii?,Execute → Decode → Fetch,Load → Run → Save,Decode → Fetch → Execute,Fetch → Decode → Execute,D
73,"Sistemele de codificare, precum ASCII sau Unicode, sunt utilizate pentru reprezentarea caracterelor și simbolurilor.",Care este scopul sistemelor de codificare precum ASCII și Unicode?,Reprezintă caractere și simboluri în format binar,Controlează dispozitivele de stocare,Convertesc fișiere audio în text,Optimizează memoria video,A
74,"Sistemul ASCII utilizează 7 biți pentru reprezentarea caracterelor, în timp ce Unicode extinde această reprezentare pentru mai multe limbi.",Care este principala diferență dintre ASCII și Unicode?,ASCII folosește mai mulți biți decât Unicode,"ASCII este utilizat pentru imagini, Unicode pentru text",Unicode este doar o versiune mai veche a ASCII,Unicode suportă mai multe caractere decât ASCII,D
75,"RGB este un sistem de codificare utilizat pentru reprezentarea culorilor pe baza combinației de roșu, verde și albastru.",Ce reprezintă modelul de codificare RGB?,Un sistem de reprezentare a culorilor,O metodă de stocare binară a numerelor,Un model pentru compresia audio,Un algoritm de criptare a datelor,A
76,"Sistemele de numeratie binar, octal, zecimal și hexazecimal sunt utilizate în informatică pentru reprezentarea și conversia valorilor numerice.",Care sistem de numeratie este utilizat intern de calculatoare?,Zecimal,Binar,Octal,Hexazecimal,B
77,Codificarea binară este metoda de bază prin care datele sunt reprezentate în calculatoare.,De ce este importantă codificarea binară în calculatoare?,Pentru că este utilizată doar în limbajul C,Pentru că reflectă modul în care circuitele electronice procesează semnalele,Pentru că reduce consumul de memorie video,Pentru că simplifică programarea web,B
78,"Reprezentarea datelor în memorie se face prin grupuri de biți, organizate în octeți și cuvinte de memorie.",Cum sunt organizate datele în memoria unui calculator?,În instrucțiuni de control,În grupuri de biți și octeți,În adrese de rețea,În fișiere logice,B
79,Unitatea de măsură a capacității de stocare în informatică este byte-ul (B).,Ce unitate de măsură se folosește pentru capacitatea de stocare a datelor?,Ohm (Ω),Byte (B),Hertz (Hz),Volt (V),B
80,Tamponul de intrare/ieșire (buffer) acționează ca intermediar între dispozitivele lente și cele rapide.,Ce rol are tamponul (bufferul) în mecanismele de I/O?,Monitorizează traficul de rețea,Accelerează conversia datelor între dispozitivele lente și cele rapide,Gestionează instrucțiunile procesorului,Controlează unitatea de memorie cache,B
81,Un limbaj de programare este un set de reguli și simboluri folosit pentru a descrie algoritmi și pentru a crea programe executabile.,Ce reprezintă un limbaj de programare?,Un protocol de comunicare între calculatoare,Un sistem de operare pentru compilatoare,Un set de reguli și simboluri utilizat pentru exprimarea algoritmilor,Un tip de fișier binar,C
82,"Limbajele de programare pot fi clasificate în limbaje de nivel jos și limbaje de nivel înalt, în funcție de gradul de abstractizare față de hardware.",După ce criteriu sunt clasificate limbajele de programare?,După culoarea interfeței,După compania producătoare,După modul de afișare a rezultatelor,După gradul de abstractizare față de hardware,D
83,Limbajele de nivel jos sunt apropiate de arhitectura hardware și oferă control direct asupra resurselor sistemului.,Ce caracterizează limbajele de nivel jos?,Sunt folosite doar în aplicații web,Sunt independente de hardware,Oferă control direct asupra resurselor hardware,Au o sintaxă asemănătoare limbajului natural,C
84,Limbajele de nivel înalt sunt mai ușor de înțeles de către oameni și ascund detaliile de implementare hardware.,Ce avantaj oferă limbajele de nivel înalt?,Necesită mai puțină memorie RAM,Acces direct la memorie și registre,Execuție mai rapidă decât cele de nivel jos,Ușurință în scriere și înțelegere de către programatori,D
85,Un compilator traduce întreg codul sursă într-un fișier executabil înainte de rulare.,Ce face un compilator?,Optimizează doar comentariile programului,Traduce întreg codul sursă într-un fișier executabil,Interpretează codul linie cu linie în timpul execuției,Execută instrucțiunile direct din memorie,B
86,"Un interpret execută codul sursă instrucțiune cu instrucțiune, fără a genera un fișier executabil separat.",Cum funcționează un interpret?,Compilând întregul cod înainte de rulare,Creând o arhivă de cod binar,Executând codul sursă linie cu linie,Transformând programul în limbaj de asamblare,C
87,Compilatoarele și interpreții sunt programe esențiale pentru traducerea codului sursă într-o formă pe care procesorul o poate executa.,Care este rolul compilatoarelor și interpreților?,Transformă codul sursă în instrucțiuni mașină executabile,Traduc fișiere text în format binar audio,Optimizează funcțiile matematice ale programului,Crează interfețe grafice pentru utilizatori,A
88,"Un limbaj compilat este de obicei mai rapid la execuție decât unul interpretat, deoarece codul mașină este generat anterior rulării.",Care este principalul avantaj al limbajelor compilate?,Ușurință mai mare în depanare,Portabilitate crescută între sisteme,Nu necesită compilator,Rulare mai rapidă a programelor,D
89,"Un limbaj interpretat este de obicei mai lent, dar permite testarea și modificarea rapidă a codului.",Ce avantaj oferă limbajele interpretate?,Execuție mai rapidă,Consum redus de memorie,Testare și modificare rapidă a codului,Traducere directă în limbaj mașină,C
90,"Paradigma procedurală organizează programul în funcții și proceduri, fiecare având o responsabilitate clară.",Cum este structurat un program procedural?,Prin funcții și proceduri independente,Prin clase și obiecte,Prin fluxuri de date paralele,Prin reguli logice și predicate,A
91,"Limbajul C este un exemplu de limbaj procedural, bazat pe funcții care manipulează datele prin apeluri directe.",Ce tip de paradigmă urmează limbajul C?,Logică,Funcțională,Procedurală,Orientată pe obiecte,C
92,Paradigma orientată pe obiecte (OOP) organizează codul în clase și obiecte care combină date și funcționalitate.,Ce caracterizează paradigma orientată pe obiecte?,Utilizează doar variabile globale,Execută instrucțiunile secvențial,Împarte codul în funcții independente,Organizează codul în clase și obiecte,D
93,O clasă definește structura și comportamentul obiectelor care vor fi create pe baza ei.,Ce reprezintă o clasă într-un limbaj orientat pe obiecte?,O colecție de funcții fără date,O funcție globală,Un șablon pentru crearea obiectelor,Un tip special de fișier executabil,C
94,"Un obiect este o instanță a unei clase, având propriile valori pentru atributele definite.",Ce este un obiect într-un limbaj orientat pe obiecte?,O metodă globală,O interfață de programare,O instanță a unei clase cu date proprii,O clasă abstractă,C
95,"Encapsularea este principiul prin care datele și funcțiile aferente sunt grupate într-o singură entitate, ascunzând detaliile interne.",Ce reprezintă principiul de encapsulare?,Separarea completă a codului de date,Ascunderea detaliilor interne într-o clasă,Transmiterea datelor între clase,Optimizarea codului sursă,B
96,"Moștenirea permite crearea de clase noi pe baza unor clase existente, reutilizând codul și extinzând funcționalitatea.",Ce permite principiul de moștenire în OOP?,Crearea de interfețe grafice,Crearea de variabile locale noi,Definirea de funcții recursive,Crearea de clase noi pe baza unor clase existente,D
97,"Polimorfismul permite folosirea acelorași metode în contexte diferite, adaptând comportamentul în funcție de tipul obiectului.",Ce reprezintă polimorfismul?,Crearea unui singur tip de clasă globală,Crearea unei structuri de date statice,Folosirea acelorași metode în contexte diferite,Executarea secvențială a codului,C
98,"Paradigma funcțională se bazează pe concepte matematice, tratând funcțiile ca entități de bază.",Pe ce principii se bazează paradigma funcțională?,Pe clase și moștenire,Pe execuția paralelă a codului,Pe funcții matematice pure fără efecte secundare,Pe structuri de control iterative,C
99,"Paradigma logică folosește reguli și fapte pentru a deduce soluții, fiind utilizată în limbaje precum Prolog.",Cum funcționează paradigma logică în programare?,Prin utilizarea de variabile globale,Prin moștenirea multiplă,Prin executarea liniară a instrucțiunilor,Prin deducerea soluțiilor din reguli și fapte,D
100,"Limbajele multi-paradigmă, precum Python și C++, permit combinarea mai multor stiluri de programare.",Ce caracterizează limbajele multi-paradigmă?,Sunt specifice arhitecturilor embedded,Sunt folosite exclusiv pentru aplicații grafice,Acceptă doar cod procedural,Permit combinarea mai multor paradigme de programare,D
101,Un compilator poate efectua optimizări de cod pentru a crește performanța programelor compilate.,Ce rol au optimizările realizate de compilator?,Simplifică interfața grafică a programului,Elimină funcțiile publice,Adaugă comentarii în fișierul sursă,Îmbunătățesc viteza și eficiența codului executabil,D
102,"Un limbaj interpretat, precum Python, oferă flexibilitate, dar are un timp de execuție mai mare comparativ cu unul compilat.",De ce limbajele interpretate sunt mai lente?,Pentru că stochează codul în format binar,Pentru că sunt scrise în C++,Pentru că traduc și execută instrucțiunile în același timp,Pentru că rulează fără memorie RAM,C
103,"Preprocesorul C este o componentă care execută directivele înainte de compilare, cum ar fi #include sau #define.",Ce rol are preprocesorul în limbajul C?,Procesează directivele speciale înainte de compilare,Gestionează memoria dinamică,Execută programul înainte de compilare,Generează automat funcțiile principale,A
104,Linker-ul este programul care combină fișierele obiect rezultate din compilare într-un fișier executabil final.,Ce face linker-ul în procesul de compilare?,Analiza sintaxei programului,Combinarea fișierelor obiect într-un executabil,Eliminarea comentariilor din cod,Traducerea codului sursă în cod intermediar,B
105,"Procesul complet de construire a unui program C implică etapele: preprocesare, compilare, asamblare și linking.",Care este ordinea corectă a etapelor de construire a unui program C?,Preprocesare → Compilare → Asamblare → Linking,Asamblare → Linking → Compilare → Preprocesare,Preprocesare → Asamblare → Linking → Execuție,Compilare → Linking → Preprocesare → Asamblare,A
106,O structură de date este o modalitate de organizare și stocare a datelor pentru a permite accesul și modificarea eficientă a acestora.,Ce reprezintă o structură de date?,Un algoritm de sortare a datelor,O modalitate de organizare și stocare eficientă a datelor,Un program care afișează informații,Un fișier text care conține date brute,B
107,"Structurile de date pot fi liniare sau neliniare, în funcție de modul în care elementele sunt organizate.",Cum sunt clasificate structurile de date?,După limbajul de programare folosit,După tipul de procesor utilizat,În funcție de ordinea și relațiile dintre elemente,După dimensiunea memoriei ocupate,C
108,Tabloul este o structură de date liniară care stochează elemente de același tip într-un bloc continuu de memorie.,Ce caracterizează un tablou (array)?,Permite inserarea și ștergerea rapidă a elementelor din mijloc,Stochează date de tipuri diferite în ordine aleatorie,Stochează elemente de același tip într-un bloc continuu de memorie,Este folosit doar pentru texte,C
109,Lista este o structură de date liniară în care elementele sunt conectate între ele prin legături (pointeri).,Cum diferă lista de un tablou?,"Elementele din listă sunt conectate prin pointeri, nu prin indici de memorie",Lista ocupă întotdeauna mai puțină memorie decât un tablou,Lista este o structură neliniară,Lista nu poate conține valori numerice,A
110,"O stivă (stack) este o structură de date liniară care urmează principiul LIFO — Last In, First Out.",Ce principiu respectă structura de date tip stivă?,"First In, First Out",Prioritate fixă,"Last In, First Out","Random In, Random Out",C
111,"O coadă (queue) este o structură de date care urmează principiul FIFO — First In, First Out.",Ce principiu respectă structura de date tip coadă?,Prioritate inversă,"First In, First Out",Execuție paralelă,"Last In, First Out",B
112,"O listă înlănțuită simplu conține noduri, fiecare având o valoare și un pointer către următorul element.",Ce elemente conține o listă înlănțuită simplu?,Valoare și pointer către următorul nod,Un tablou de adrese fixe,Doar valori numerice,Pointer către nodul anterior și următor,A
113,"O listă dublu înlănțuită are pointeri către elementul precedent și următor, permițând parcurgerea în ambele sensuri.",Care este diferența dintre o listă simplă și una dublu înlănțuită?,Lista dublu înlănțuită permite parcurgerea înainte și înapoi,Lista dublu înlănțuită este întotdeauna mai mică,Lista dublu înlănțuită nu are pointeri,Lista simplă permite căutarea mai rapidă,A
114,Un arbore este o structură de date neliniară alcătuită din noduri conectate ierarhic.,Cum este organizat un arbore în informatică?,Într-o listă ordonată de elemente,Pe o singură linie de date,"Pe nivele ierarhice, cu un nod rădăcină și noduri fiu",Doar prin conexiuni ciclice,C
115,Un arbore binar este un tip de arbore în care fiecare nod are cel mult doi fii: stâng și drept.,Câte legături are maxim un nod într-un arbore binar?,Patru fii,Trei fii,Un fiu,Doi fii,D
116,O matrice este un tablou bidimensional utilizat pentru a reprezenta date sub formă de rânduri și coloane.,Cum se numește structura de date bidimensională folosită pentru reprezentarea tabelară?,Matrice,Colectie,Listă înlănțuită,Vector,A
117,Un graf este o structură de date formată din noduri (vârfuri) și muchii care le conectează.,Ce elemente formează un graf?,Tablouri și stive,Liste și cozi,Puncte și drepte,Noduri și muchii,D
118,Căutarea secvențială parcurge elementele unui tablou unul câte unul până găsește valoarea căutată.,Cum funcționează căutarea secvențială?,Folosește arbori de decizie,Caută elementul prin împărțirea în jumătăți succesive,Sortează elementele înainte de căutare,Parcurge fiecare element în ordine până la găsirea valorii,D
119,"Căutarea binară funcționează doar pe tablouri ordonate, împărțind intervalul de căutare la fiecare pas.",Ce condiție este necesară pentru aplicarea căutării binare?,Tabloul să aibă mai puțin de 10 elemente,Toate valorile trebuie să fie unice,Tabloul trebuie să fie ordonat,Tabloul trebuie să fie neordonat,C
120,Sortarea prin inserție compară fiecare element cu cele deja sortate și îl inserează în poziția corectă.,Cum funcționează algoritmul de sortare prin inserție?,Combină listele sortate prin fuziune,Folosește metoda divide et impera,Compară fiecare element cu cele sortate și îl inserează corect,Schimbă elementele adiacente în ordine crescătoare,C
121,"Sortarea prin selecție găsește elementul minim și îl plasează în poziția corectă, repetând procesul pentru restul elementelor.",Ce strategie folosește sortarea prin selecție?,Folosește o coadă pentru elementele nesortate,Înlocuiește toate valorile egale cu zero,Împarte tabloul în două și sortează recursiv,Selectează elementul minim și îl mută în poziția corectă,D
122,Sortarea prin bule (bubble sort) compară elemente adiacente și le schimbă între ele până când lista devine sortată.,Cum funcționează sortarea prin bule?,Creează o listă de priorități,Elimină duplicatele din tablou,Combină sublistele sortate,Compară și schimbă elementele adiacente repetat,D
123,Complexitatea algoritmică exprimă timpul sau resursele necesare executării unui algoritm în funcție de dimensiunea datelor.,Ce măsoară complexitatea unui algoritm?,Numărul de linii de cod,Volumul de memorie al programului,Timpul sau resursele necesare în funcție de mărimea datelor,Numărul de variabile utilizate,C
124,Notația Big O este utilizată pentru a exprima ordinea de complexitate a unui algoritm.,Ce exprimă notația Big O?,Limbajul în care a fost scris algoritmul,Numărul de instrucțiuni dintr-un program,Eficiența compilatorului,Ordinea de complexitate a unui algoritm,D
125,"Un algoritm cu complexitate O(1) are timp de execuție constant, indiferent de mărimea datelor de intrare.",Ce înseamnă complexitatea O(1)?,Timp de execuție exponențial,Timp de execuție proporțional cu n,Timp de execuție constant,Timp de execuție logaritmic,C
126,Un algoritm cu complexitate O(n) parcurge toate elementele unei structuri o singură dată.,Ce caracterizează un algoritm cu complexitate O(n)?,Timp de execuție constant,Timp de execuție exponențial,Timp de execuție proporțional cu numărul elementelor,Timp de execuție imprevizibil,C
127,Algoritmii de sortare eficienți precum QuickSort și MergeSort au complexitate medie O(n log n).,Ce algoritmi de sortare au complexitate O(n log n)?,HeapSort și LinearSort,Selection Sort și Counting Sort,Bubble Sort și Insertion Sort,QuickSort și MergeSort,D
128,Algoritmii recursivi sunt cei care se apelează pe ei înșiși pentru a rezolva subprobleme mai mici.,Ce caracterizează un algoritm recursiv?,Se execută doar o singură dată,Folosește doar bucle iterative,Execută instrucțiuni în paralel,Se apelează pe sine pentru a rezolva subprobleme,D
129,Un algoritm iterativ folosește structuri de control precum buclele for și while pentru repetarea operațiilor.,Cum funcționează un algoritm iterativ?,Se bazează pe apeluri recursive,Folosește clase și metode,Repetă operațiile folosind bucle de control,Rulează în mod asincron,C
130,Analiza algoritmilor presupune evaluarea performanței lor în termeni de timp de execuție și consum de memorie.,Ce se studiază în analiza algoritmilor?,Numărul de linii de cod,Interfața grafică a programelor,Performanța algoritmilor în timp și spațiu,Structura fișierelor sursă,C
131,Un algoritm reprezintă o succesiune de operații necesare în rezolvarea unei probleme oarecare.,Ce reprezintă un algoritm?,O listă de programe executabile,O interfață grafică de utilizator,O succesiune de operații pentru rezolvarea unei probleme,O bază de date cu rezultate,C
132,Proprietatea de intrare a unui algoritm indică faptul că acesta poate primi zero sau mai multe date de intrare.,Ce înseamnă proprietatea de intrare a unui algoritm?,Algoritmul are o singură variabilă de intrare,Algoritmul generează întotdeauna un rezultat vizual,Algoritmul nu are nevoie de date de intrare,Algoritmul primește zero sau mai multe date de intrare,D
133,Proprietatea de ieșire a unui algoritm presupune existența a zero sau mai multe date de ieșire.,Ce exprimă proprietatea de ieșire a unui algoritm?,Că algoritmul nu produce niciodată rezultate,Că algoritmul are mereu o singură ieșire,Că algoritmul folosește doar valori numerice,Că algoritmul poate furniza zero sau mai multe rezultate,D
134,Claritatea și simplitatea definiției unui algoritm contribuie la înțelegerea și corectitudinea sa.,De ce este importantă claritatea în definirea unui algoritm?,Pentru a micșora dimensiunea codului sursă,Pentru a permite rularea mai rapidă a programului,Pentru a facilita înțelegerea și implementarea corectă,Pentru a simplifica traducerea în limbaj de asamblare,C
135,Proprietatea de scadență scontată a unui algoritm indică faptul că acesta trebuie să se termine într-un număr finit de pași.,Ce garantează scadența scontată a unui algoritm?,Că algoritmul nu are nevoie de date de intrare,Că algoritmul rulează infinit fără rezultate,Că algoritmul va produce un rezultat într-un timp finit,Că algoritmul folosește un limbaj de programare specific,C
136,Eficacitatea unui algoritm se referă la capacitatea acestuia de a produce efectul sau rezultatul așteptat.,Ce înseamnă eficacitatea unui algoritm?,Să aibă un timp minim de execuție,Să utilizeze cât mai puțină memorie,Să producă efectul sau rezultatul așteptat,Să fie scris în pseudocod,C
137,Un algoritm este independent de limbajul de programare sau de arhitectura pe care este executat.,Ce înseamnă independența unui algoritm față de limbajul de programare?,Poate fi implementat în orice limbaj de programare,Poate fi executat doar pe arhitectura originală,Depinde de tipul de procesor utilizat,Poate fi rulat doar în limbajul în care a fost scris,A
138,"Etapele specifice ale realizării unui algoritm includ definirea problemei, analiza, proiectarea, implementarea și testarea.",Care sunt etapele principale în dezvoltarea unui algoritm?,"Instalarea, configurarea și rularea programului","Definirea problemei, analiză, proiectare, implementare, testare","Scrierea codului, depanarea și publicarea aplicației","Compilare, rulare, optimizare, documentare",B
139,Analiza problemei implică specificarea datelor de intrare și de ieșire.,Ce presupune analiza unei probleme în dezvoltarea unui algoritm?,Stabilirea doar a datelor de ieșire,Testarea performanței algoritmului,Scrierea codului sursă,Specificarea datelor de intrare și ieșire,D
140,Proiectarea unui algoritm include analiza complexității pentru a evalua performanța acestuia.,Ce activitate este inclusă în proiectarea unui algoritm?,Analiza complexității,Compilarea programului,Scrierea documentației utilizatorului,Depanarea codului sursă,A
141,"Analiza datelor de intrare presupune identificarea tipului de date, a formei de reprezentare și a valorilor permise.",Ce aspecte se analizează la datele de intrare ale unui algoritm?,Doar numărul de variabile de intrare,Rezultatele finale ale programului,"Tipul de date, forma de reprezentare și valorile permise",Numărul de pași al algoritmului,C
142,Tipul de date al unei variabile influențează precizia și modul de reprezentare al informației în algoritm.,De ce este important tipul de date în analiza datelor de intrare?,Afectează viteza de tastare a utilizatorului,Controlează ordinea de execuție a pașilor,Determină precizia și modul de reprezentare al informației,Influențează aspectul grafic al programului,C
143,Forma de reprezentare a datelor de intrare poate influența precizia rezultatelor și validitatea calculelor.,Ce rol are forma de reprezentare a datelor de intrare?,Determină precizia rezultatelor și validitatea calculelor,Afectează doar timpul de execuție,Stabilește ordinea afișării rezultatelor,Controlează culoarea interfeței,A
144,Valorile permise și interzise pentru datele de intrare trebuie definite clar pentru a evita erori de execuție.,De ce trebuie precizate valorile permise și interzise pentru datele de intrare?,Pentru a reduce dimensiunea codului sursă,Pentru a evita erori de execuție și rezultate incorecte,Pentru a scurta timpul de compilare,Pentru a îmbunătăți estetica programului,B
145,"Cantitatea de date de intrare poate fi cunoscută sau necunoscută, influențând modul în care este proiectat algoritmul.",Cum influențează cantitatea de date de intrare proiectarea unui algoritm?,Influențează dimensiunea ferestrei grafice,Determină structura de control utilizată,Afectează doar etapa de testare,Nu are niciun impact asupra algoritmului,B
146,"Analiza datelor de ieșire stabilește ce informații sunt relevante, cum sunt reprezentate și în ce format sunt afișate.",Ce presupune analiza datelor de ieșire într-un algoritm?,Stabilirea structurii de memorie folosite de procesor,Definirea pașilor de intrare a datelor,Testarea vitezei de rulare a codului,Determinarea informațiilor relevante și a formatului de afișare,D
147,"Datele de ieșire pot fi intermediare sau finale, în funcție de scopul și faza execuției algoritmului.",Ce tipuri de date de ieșire poate genera un algoritm?,"Date textuale, fără prelucrare",Doar date numerice,Numai date finale,Date intermediare și date finale,D
148,Formatul de reprezentare al datelor de ieșire influențează claritatea și interpretarea rezultatelor de către utilizator.,Cum influențează formatul de reprezentare al datelor de ieșire algoritmul?,Afectează structura internă a codului sursă,Controlează numărul de pași al algoritmului,Determină doar dimensiunea variabilelor,Determină claritatea și interpretarea rezultatelor,D
149,Modalitatea de afișare a rezultatelor poate include explicații suplimentare pentru utilizator sau forme simplificate.,Ce rol are modalitatea de afișare a rezultatelor într-un algoritm?,Optimizează timpii de procesare,Determină ordinea pașilor de execuție,Alege tipul de date pentru variabile,Controlează comunicarea rezultatelor către utilizator,D
150,"Cantitatea de date de ieșire poate fi cunoscută a priori sau necunoscută, ceea ce influențează proiectarea și testarea algoritmului.",De ce este importantă cantitatea datelor de ieșire în proiectarea unui algoritm?,Pentru a determina tipul de tastatură folosită,Pentru a alege limbajul de programare potrivit,Pentru a planifica structura și testarea algoritmului,Pentru a stabili dimensiunea ecranului de afișare,C
151,"Reprezentarea unui algoritm se poate face fie prin schemă logică, fie prin pseudocod.",Care sunt principalele modalități de reprezentare a unui algoritm?,Prin cod binar și limbaj de asamblare,Prin diagrame UML și baze de date,Prin fișiere text și tabele,Prin schemă logică și pseudocod,D
152,"Schema logică este o reprezentare grafică a unui algoritm, care combină textul cu forme geometrice standardizate.",Ce este o schemă logică?,Un fișier de configurare pentru program,Un program executabil complet,Un tabel cu variabile și valori,Un grafic care arată fluxul de execuție al unui algoritm,D
153,"Avantajul principal al unei scheme logice este claritatea vizuală, deși necesită mai mult timp pentru realizare.",Care este principalul avantaj al unei scheme logice?,Se execută mai repede decât pseudocodul,Reduce dimensiunea codului sursă,Este compatibilă cu orice limbaj de programare,Oferă claritate vizuală în înțelegerea algoritmului,D
154,"Schema logică este utilizată mai rar în prezent, fiind înlocuită de reprezentarea în pseudocod.",De ce este schema logică mai rar folosită în prezent?,Nu poate reprezenta decizii logice,Necesită timp suplimentar și este mai puțin eficientă decât pseudocodul,Este greu de înțeles pentru calculatoare,Nu poate fi convertită în programe reale,B
155,"Principalele blocuri dintr-o schemă logică includ: bloc de start/sfârșit, bloc de citire/scriere, bloc de prelucrare și bloc de decizie.",Care sunt principalele blocuri utilizate într-o schemă logică?,Blocuri de stocare a datelor,Blocuri grafice și textuale,Blocuri de memorie și rețea,"Blocuri de start/sfârșit, citire/scriere, prelucrare, decizie",D
156,Blocul de decizie este utilizat în schema logică pentru a reprezenta o condiție care poate fi adevărată sau falsă.,Ce rol are blocul de decizie într-o schemă logică?,Inițializează variabilele programului,Salvează valorile în memorie,Permite selectarea între două ramuri logice pe baza unei condiții,Afișează rezultatele finale ale algoritmului,C
157,Blocurile de citire și scriere dintr-o schemă logică permit interacțiunea algoritmului cu utilizatorul prin introducerea și afișarea datelor.,Ce funcție au blocurile de citire și scriere într-o schemă logică?,Memorează constantele numerice,Execută operații logice complexe,Controlează fluxul de date între variabile interne,Permit introducerea și afișarea datelor de către utilizator,D
158,"Pseudocodul este o descriere textuală a unui algoritm, folosind cuvinte cheie din limbaj natural și operatori matematici.",Cum este descris un algoritm în pseudocod?,Prin cod sursă compilabil,Prin diagrame colorate și tabele,Prin cuvinte cheie din limbaj natural și operatori matematici,Prin simboluri grafice și săgeți,C
159,Scopul pseudocodului este de a facilita trecerea de la descrierea logică a algoritmului la implementarea acestuia într-un limbaj de programare.,Care este scopul utilizării pseudocodului?,Să simplifice implementarea algoritmului în limbaje de programare,Să înlocuiască complet codul sursă,Să creeze documentație tehnică,Să genereze automat programe executabile,A
160,"Comenzile standard din pseudocod includ instrucțiuni de citire, scriere, atribuire, decizie și iterație.",Ce tipuri de comenzi standard există în pseudocod?,"Citire, scriere, atribuire, decizie și iterație","Comenzi grafice, logice și de memorie",Comenzi de compilare și execuție,Comenzi pentru desenarea schemelor logice,A
161,"În C, variabilele și constantele trebuie să respecte anumite reguli de denumire. Primul simbol trebuie să fie o literă sau un caracter „_”.",Care este regula principală privind primul caracter al unui nume de variabilă în C?,Poate fi orice simbol special,Trebuie să fie o literă sau caracterul „_”,Trebuie să fie o cifră,Trebuie să fie o majusculă,B
162,"Limbajul C face diferența între majuscule și minuscule. Astfel, variabila „Data” este diferită de „data”.",Ce înseamnă faptul că limbajul C este case-sensitive?,Acceptă doar litere mici,Ignoră majusculele și minusculele,Face diferența între majuscule și minuscule,Converteste automat majusculele în minuscule,C
163,În limbajul C există 32 de cuvinte cheie care nu pot fi folosite ca nume de variabile.,Ce restricție există în alegerea numelor de variabile în C?,Nu pot fi identice cu cuvintele cheie ale limbajului,Pot include spații,Pot începe cu cifre,Trebuie să conțină cel puțin o cifră,A
164,"Există patru tipuri fundamentale de date în C: char, int, float și double.",Care sunt tipurile fundamentale de date în C?,"String, boolean, array, struct","Real, complex, pointer, void","Char, int, float, double","Short, long, unsigned, signed",C
165,Tipul de date 'char' are dimensiunea de un octet (1 B = 8 biți) și corespunde unui singur caracter.,Ce dimensiune are tipul de date 'char' în C?,8 biți,2 biți,16 biți,4 biți,A
166,Calificatorul 'unsigned' este folosit pentru a reprezenta doar numere pozitive sau egale cu zero.,Ce valori poate reprezenta un tip de date 'unsigned'?,Doar numere pozitive sau zero,Doar caractere ASCII,Numere pozitive și negative,Doar numere negative,A
167,Fișierele antet <limits.h> și <float.h> conțin informații despre valorile minime și maxime ale tipurilor de date.,Ce informații oferă fișierele antet <limits.h> și <float.h>?,Controlează alocarea memoriei dinamice,Conțin tabele ASCII,Definesc valorile minime și maxime pentru tipurile de date,Listează funcțiile matematice standard,C
168,"Constantele numerice întregi pot fi exprimate în format zecimal, octal sau hexazecimal.",Cum pot fi scrise constantele întregi în C?,Doar în format zecimal,Numai cu litere,Doar în format binar,"În format zecimal, octal sau hexazecimal",D
169,Constanta caracter 'A' are valoarea numerică 65 în tabela ASCII.,Care este valoarea ASCII a caracterului 'A'?,65,66,64,32,A
170,O constantă de tip șir de caractere este o secvență de caractere terminată prin caracterul nul '\0'.,Cum este terminată o constantă de tip șir de caractere în C?,Cu caracterul '\n',Cu caracterul '\0',Cu tabulator,Cu spațiu gol,B
171,"În C, 'A' este o constantă de tip caracter, iar ""A"" este un șir de caractere.","Care este diferența dintre 'A' și ""A"" în C?","'A' este șir, ""A"" este caracter","'A' este întreg, ""A"" este șir de caractere",Ambele sunt șiruri,Ambele sunt constante numerice,B
172,O enumerare (enum) definește o listă de valori întregi constante.,Ce definește o structură de tip enum în C?,O funcție predefinită,O structură de tip pointer,Un tip de date compus din șiruri,O listă de valori întregi constante,D
173,"Variabilele pot fi folosite doar după ce au fost declarate, specificând tipul și numele.",Ce trebuie făcut înainte de utilizarea unei variabile în C?,Definirea unei funcții,Inițializarea implicită,Declararea tipului și a numelui,Importarea unei biblioteci,C
174,Variabilele de tip auto sunt inițializate la fiecare intrare în blocul sau funcția unde sunt definite.,Când sunt inițializate variabilele declarate cu specificatorul 'auto'?,"O singură dată, la începutul programului",După compilare,La fiecare apel al funcției,Doar la ieșirea din funcție,C
175,"Conversia automată de tip în C are loc de la un tip cu mai puțini biți la unul cu mai mulți biți, de exemplu char -> int.",Cum funcționează conversia automată de tip în C?,De la tipuri mari la tipuri mai mici,De la tipuri mici la tipuri mai mari,"Doar manual, cu operatorul cast",Doar între tipuri de șiruri,B
176,"Conversia explicită se realizează prin operatorul unar de tip casting, sub forma (type-name) expresie.",Cum se realizează conversia explicită de tip în C?,Prin funcții din biblioteca stdio.h,"Automat, în timpul execuției",Folosind operatorul (type-name) expresie,Prin operatorul =,C
177,"Operatorii aritmetici în C includ +, -, *, / și %, folosiți pentru operații fundamentale.",Ce operatori aritmetici există în C?,"++, --, &&, ||, !","<<, >>, &, |, ^","sizeof, typedef, enum","+, -, *, /, %",D
178,Operatorii relaționali și logici au valori 1 dacă expresia este adevărată și 0 dacă este falsă.,Ce valori returnează operatorii relaționali și logici în C?,Doar valori pozitive,True și False,Rezultatul ASCII al expresiei,"1 pentru adevărat, 0 pentru fals",D
179,"Operatorii pe biți, precum &, |, ^, <<, >> și ~, pot fi aplicați pe tipuri întregi.",Pe ce tipuri de date se pot aplica operatorii pe biți?,Tipuri șir de caractere,Tipuri reale,Structuri și uniuni,Tipuri întregi,D
180,Operatorul ternar ?: permite scrierea unei expresii condiționale pe o singură linie.,Ce face operatorul ternar ?: în C?,Execută un ciclu repetitiv,Compară două șiruri de caractere,Afișează un mesaj de eroare,Selectează o valoare în funcție de o condiție,D
181,"Operatorii de atribuire combină o operație aritmetică cu o atribuire, de exemplu x += 5 este echivalent cu x = x + 5.",Ce expresie este echivalentă cu x += 5?,x = 5,x = 5 + 5,x = x + 5,x = x - 5,C
182,"Operatorii de atribuire disponibili în C sunt: +=, -=, *=, /=, %=, <<=, >>=, &=, |=, ~=.",Câți operatori de atribuire există în limbajul C?,12,5,8,10,D
183,"Operatorii ++ și -- pot fi utilizați ca prefix sau ca sufix, afectând ordinea în care valoarea este modificată.",Care este diferența dintre prefix și sufix pentru operatorul ++?,Nu există nicio diferență între ele,"Sunt operatori de comparare, nu de incrementare","Sufixul incrementează înainte, prefixul după","Prefixul incrementează înainte de utilizare, sufixul după utilizare",D
184,"Operatorii logici &&, || și ! sunt folosiți pentru a evalua expresii booleene complexe.",Ce operator logic este folosit pentru negația unei expresii?,||,!=,&,!,D
185,Operatorul && în C returnează valoarea 1 dacă ambele expresii sunt adevărate.,Când returnează operatorul && valoarea 1?,Când ambele expresii sunt adevărate,Când cel puțin una este adevărată,Când una dintre expresii este falsă,Niciodată,A
186,Operatorul || returnează valoarea 1 dacă cel puțin una dintre expresii este adevărată.,Ce valoare returnează operatorul || dacă ambele expresii sunt false?,-1,Valoarea primei expresii,0,1,C
187,"Operatorii pe biți sunt &, |, ^, <<, >> și ~. Ei acționează direct asupra reprezentării binare a numerelor întregi.",Ce operator realizează deplasarea la stânga a biților unui număr?,&,<<,>>,|,B
188,"Operatorul ~ este complementul față de 1, inversând fiecare bit al unui număr întreg.",Ce efect are operatorul ~ aplicat unui număr întreg?,Îl dublează,Inversează toți biții săi,Îl reduce la jumătate,Îl transformă în negativ,B
189,Operatorul ternar ?: permite evaluarea unei condiții și selectarea uneia dintre două expresii.,Ce structură poate fi înlocuită de operatorul ternar ?:,O instrucțiune if-else simplă,O instrucțiune switch,Un ciclu for,O funcție recursivă,A
190,Operatorul modulo (%) nu se poate aplica asupra tipurilor de date float sau double.,De ce tip de date nu poate fi folosit operatorul %?,short,float și double,int,char,B
191,Ordinea de evaluare a operatorilor este controlată de regulile de precedență și asociativitate.,Ce determină precedența operatorilor?,Ordinea în care sunt declarați în program,Ordinea în care sunt evaluați într-o expresie,Ordinea de compilare a fișierelor,Dimensiunea operandului,B
192,"În C, operatorii de înmulțire (*) și împărțire (/) au o precedență mai mare decât operatorii de adunare (+) și scădere (-).",Ce operator are precedență mai mare în C?,+ și * au aceeași precedență,+ față de *,Depinde de compilator,* față de +,D
193,Asociativitatea determină ordinea de evaluare a operatorilor de aceeași precedență.,Ce stabilește asociativitatea operatorilor în C?,Tipul de date al expresiei,Ordinea de evaluare pentru operatorii cu aceeași precedență,Ordinea dintre expresii de tip diferit,Prioritatea funcțiilor în cod,B
194,"În C, operatorii binari aritmetici și logici au asociativitate de la stânga la dreapta.",Ce asociativitate au operatorii aritmetici binari în C?,De la dreapta la stânga,Aleatorie,De la stânga la dreapta,Depinde de compilator,C
195,Este o practică greșită să se scrie cod care depinde de ordinea exactă de evaluare a expresiilor.,De ce trebuie evitată scrierea codului care depinde de ordinea de evaluare?,Pentru că poate produce comportament nedeterminat,Pentru că scade performanța,Pentru că nu se poate compila,Pentru că reduce lizibilitatea codului,A
196,"Într-un program C, un an bisect este divizibil cu 4, dar nu cu 100, cu excepția cazurilor divizibile cu 400.",Ce condiție trebuie îndeplinită pentru ca un an să fie bisect?,Să fie divizibil cu 2,Să fie divizibil doar cu 100,"Să fie divizibil cu 4 și nu cu 100, sau cu 400",Să nu fie divizibil cu 4,C
197,"Pentru a elimina un caracter dintr-un text introdus, se poate parcurge șirul și copia doar caracterele diferite.",Cum se poate elimina un caracter dintr-un text în C?,Ștergând direct din memorie cu free(),Folosind operatorul delete,Folosind o buclă care copiază caracterele diferite într-un alt șir,Apelând funcția remove(),C
198,Operatorii pe biți pot fi folosiți pentru extragerea unor biți specifici dintr-un număr întreg.,Ce operator este potrivit pentru extragerea unui bit dintr-o valoare întreagă?,|,&,&&,!,B
199,"Pentru a roti un număr întreg la stânga cu n poziții, se folosesc operatorii << și >> combinați cu operații pe biți.",Ce operatori se folosesc pentru rotația biților la stânga și dreapta?,?: și !,& și |,<< și >>,++ și --,C
200,Expresia (a < b) ? b : a returnează valoarea mai mare dintre a și b.,Ce valoare returnează expresia (a < b) ? b : a?,Valoarea maximă dintre a și b,Întotdeauna b,Întotdeauna a,Valoarea minimă dintre a și b,A
201,"Limbajul C conține 32 de cuvinte cheie, 47 de operatori și 4 tipuri de date numerice de bază.",Câte cuvinte cheie există în limbajul C?,32,28,50,47,A
202,"Operatorul sizeof returnează dimensiunea, în octeți, a unui tip de date sau a unei variabile.",Ce returnează operatorul sizeof?,Valoarea maximă a tipului de date,Adresa variabilei,Dimensiunea în octeți a unui tip sau variabile,Dimensiunea în biți,C
203,"Într-o declarație const, valoarea variabilei nu se poate modifica pe parcursul execuției programului.",Ce efect are specificatorul const asupra unei variabile?,O face globală,O face statică,Interzice modificarea valorii sale,Permite accesul din alte fișiere,C
204,"Un șir literal precum ""acesta este un șir"" este tratat ca un tablou de caractere terminat cu '\0'.",Cum este reprezentat intern un șir literal în C?,Ca un tablou de caractere terminat cu '\0',Ca o valoare unică de tip char,Ca o constantă numerică,Ca o structură de date,A
205,Pentru testarea și prelucrarea caracterelor se folosește fișierul antet <ctype.h>.,Ce rol are fișierul antet <ctype.h> în C?,Definește operatorii pe biți,Oferă funcții pentru testarea și conversia caracterelor,Controlează fișierele text,Gestionează șirurile de caractere,B
206,"Expresia (int)3.75 convertește valoarea 3.75 la 3, pierzând partea fracțională.",Ce rezultat produce expresia (int)3.75?,0,3.75,4,3,D
207,Operatorul % returnează restul împărțirii dintre doi operanzi întregi.,Ce valoare returnează operatorul % în C?,Restul împărțirii între doi întregi,Rezultatul în punct flotant,Partea fracționară a rezultatului,Catul împărțirii,A
208,Expresia a &= b este echivalentă cu a = a & b.,Ce face expresia a &= b?,Aplică operatorul ȘI pe biți și atribuie rezultatul lui a,Aplică operatorul SAU pe biți,Atribuie valoarea b lui a,Negă valoarea lui a,A
209,"Expresia 5 / 2 în C returnează 2, deoarece rezultatul este trunchiat la un întreg.",Ce valoare returnează expresia 5 / 2 în C?,2,2.5,3,1,A
210,"Într-o expresie de tip logic, valoarea 0 este considerată falsă, iar orice altă valoare este considerată adevărată.",Cum sunt interpretate valorile numerice în expresiile logice C?,"0 este fals, orice altă valoare este adevărată",Doar valoarea 1 este adevărată,Numerele negative sunt false,Numerele pare sunt adevărate,A
211,Programarea imperativă descrie cum operează un program asupra datelor de intrare pentru a obține rezultate.,Ce caracterizează programarea imperativă?,Se bazează exclusiv pe operatori logici,Folosește doar structuri recursive,"Descrie ce trebuie să obțină programul, fără a preciza cum",Descrie cum operează programul asupra datelor pentru a obține rezultate,D
212,"În programarea declarativă se specifică ce trebuie obținut, fără a detalia cum se ajunge la rezultat.",Ce definește programarea declarativă?,Structura fizică a memoriei,"Rezultatul dorit, fără a specifica pașii de calcul",Ordinea execuției instrucțiunilor în C,Modul exact de execuție a instrucțiunilor,B
213,Semnul punct-și-virgulă ';' marchează sfârșitul unei instrucțiuni în C.,Ce simbol marchează sfârșitul unei instrucțiuni în C?,:,.,;,#,C
214,Acoladele { și } delimitează un bloc de instrucțiuni în C.,Ce rol au acoladele în limbajul C?,Delimitează un bloc de instrucțiuni,Marchează sfârșitul programului,Sunt folosite pentru comentarii,Reprezintă o instrucțiune de salt,A
215,Execuția secvențială presupune că instrucțiunile sunt executate în ordinea în care sunt scrise.,Ce reprezintă execuția secvențială în C?,Executarea instrucțiunilor pe baza priorității operatorilor,Executarea instrucțiunilor în ordinea apariției lor în cod,Executarea simultană a mai multor instrucțiuni,Executarea instrucțiunilor în ordine aleatorie,B
216,Instrucțiunile de control modifică ordinea normală de execuție a unui program.,Ce efect au instrucțiunile de control în C?,Modifică ordinea normală de execuție,Declară variabile globale,Controlează compilarea programului,Optimizează memoria,A
217,"Eliminarea comenzii 'goto' a dus la apariția programării structurate, crescând claritatea și ușurința de întreținere.",Ce efect a avut eliminarea comenzii 'goto' asupra limbajelor de programare?,A permis apariția programării structurate,A redus claritatea codului,A îngreunat depanarea programelor,A introdus erori de compilare frecvente,A
218,"Orice program poate fi scris folosind trei structuri de control: secvență, selecție și iterație.",Care sunt cele trei structuri de control fundamentale?,"While, for, do-while","Declarații, funcții, pointeri","Secvență, selecție, iterație","Intrare, procesare, ieșire",C
219,"Limbajul C are șapte instrucțiuni de control: una pentru secvență, trei pentru selecție și trei pentru iterație.",Câte instrucțiuni de control are limbajul C?,Cinci,Nouă,Trei,Șapte,D
220,Structura if în C execută o acțiune doar dacă expresia testată este adevărată (non-zero).,Când este executată instrucțiunea dintr-un bloc if în C?,Doar în prezența unui else,Întotdeauna,Când expresia este zero,Când expresia este non-zero (adevărată),D
221,"În C, valoarea numerică 0 reprezintă fals, iar orice valoare diferită de zero reprezintă adevărat.",Cum sunt reprezentate valorile logice în C?,True și False,1 și -1,"0 pentru fals, non-zero pentru adevărat",Adevărat și Fals ca șiruri,C
222,"Instrucțiunea switch permite executarea uneia dintre mai multe ramuri, în funcție de valoarea unei expresii întregi.",Ce tip de expresii pot fi evaluate de instrucțiunea switch?,Expresii logice,Expresii întregi,Expresii cu șiruri de caractere,Expresii în virgulă mobilă,B
223,Ramura default dintr-un switch este opțională și se execută dacă niciun caz nu corespunde.,Când se execută ramura default dintr-o instrucțiune switch?,Când niciun caz nu este îndeplinit,După fiecare caz,Întotdeauna prima,Când expresia are valoarea 0,A
224,Instrucțiunea break într-un switch produce ieșirea imediată din ramura curentă.,Ce efect are instrucțiunea break într-un switch?,Iese imediat din ramura curentă a switch-ului,Reia execuția de la începutul programului,Oprește execuția întregului program,Sare la următorul caz,A
225,Instrucțiunea while execută o buclă atâta timp cât expresia condiției este adevărată (non-zero).,Ce tip de evaluare are bucla while?,Evaluare recursivă,Evaluare inițială,Evaluare finală,Evaluare aleatorie,B
226,"Instrucțiunea do-while execută bucla cel puțin o dată, verificând condiția la final.",Ce diferențiază do-while de while?,Folosirea exclusivă a operatorilor logici,Execuția cel puțin o dată înainte de verificare,Lipsa condiției de control,Evaluarea condiției la început,B
227,Instrucțiunea for este folosită pentru un număr cunoscut de repetiții.,Care este scopul instrucțiunii for?,Verifică condiții de intrare,Gestionează erori de execuție,Execută o instrucțiune doar o dată,Execută un bloc de cod pentru un număr cunoscut de iterații,D
228,"Expresiile expr1, expr2 și expr3 dintr-o instrucțiune for pot fi omise, ceea ce duce la o buclă infinită.",Ce se întâmplă dacă toate cele trei expresii dintr-un for sunt omise?,Rezultă o buclă infinită,Programul se oprește imediat,Se execută doar o dată,Se generează o eroare de compilare,A
229,Instrucțiunea continue determină trecerea imediată la următoarea iterație a buclei curente.,Ce face instrucțiunea continue?,Oprește execuția întregii bucle,Sare la instrucțiunea de început a buclei următoare,Termină execuția programului,Trece la următoarea iterație a buclei curente,D
230,"Instrucțiunea break poate fi folosită atât în bucle, cât și în instrucțiunea switch pentru a întrerupe execuția curentă.",În ce structuri se poate folosi instrucțiunea break?,În bucle și în instrucțiunea switch,Numai în bucle,Numai în funcții,Numai în switch,A
231,"Instrucțiunea goto permite saltul direct către o etichetă definită în cod, dar este descurajată în programarea structurată.",De ce este descurajată utilizarea instrucțiunii goto?,Produce erori de compilare,Poate duce la un cod greu de urmărit și întreținut,Poate fi folosită doar în C++,Este mai lentă decât for sau while,B
232,O valoare santinelă (sentinel value) este folosită pentru a marca sfârșitul unei secvențe de date introduse.,Care este rolul unei valori santinelă într-un program?,Reprezintă un cod de eroare,Este folosită pentru calculul mediei,Marchează sfârșitul datelor introduse,Determină începutul unei bucle,C
233,"O variabilă neinițializată poate conține valori aleatorii din memorie, numite valori reziduale.",Ce se întâmplă dacă o variabilă nu este inițializată înainte de utilizare?,Poate conține valori reziduale nedeterminate,Este ștearsă automat de compilator,Este setată automat la zero,Este ignorată de program,A
234,O bună practică în utilizarea switch-ului este adăugarea unui break după fiecare ramură.,De ce se recomandă adăugarea instrucțiunii break în fiecare ramură a unui switch?,Pentru a preveni executarea ramurilor următoare,Pentru a reduce timpul de compilare,Pentru a crește performanța buclei,Pentru a permite reutilizarea variabilelor,A
235,"O instrucțiune compusă poate apărea oriunde poate apărea o instrucțiune simplă, fiind delimitată prin acolade.",Ce este o instrucțiune compusă?,O instrucțiune care conține o buclă infinită,O instrucțiune care returnează întotdeauna o valoare,O instrucțiune care conține un pointer,O instrucțiune alcătuită din mai multe instrucțiuni simple într-un bloc,D
236,O instrucțiune vidă este reprezentată în C printr-un punct și virgulă simplu ';'.,Cum se scrie o instrucțiune vidă în C?,Cu comanda break,Cu expresia null,Cu acolade goale {},Cu punct și virgulă ';',D
237,Eroarea de tip dangling-else apare când nu se folosesc acolade în structuri if-else imbricate.,Ce eroare logică poate apărea dacă nu se folosesc acolade în structuri if-else imbricate?,Eroare dangling-else,Eroare de compilare,Eroare de segmentare,Eroare de tipare,A
238,Bucla for(;;) este o buclă infinită validă în C.,Ce reprezintă bucla for(;;) în C?,O buclă cu o singură execuție,O instrucțiune invalidă,O buclă care se execută doar dacă expresia e zero,O buclă infinită,D
239,Erorile logice fatale duc la terminarea prematură a programului.,Ce efect au erorile logice fatale asupra unui program?,Afectează doar performanța,Sunt ignorate de compilator,Încetinesc execuția,Duc la terminarea prematură a programului,D
240,"Erorile logice non-fatale permit continuarea execuției, dar rezultatele pot fi greșite.",Ce se întâmplă în cazul unei erori logice non-fatale?,Programul se oprește imediat,"Programul continuă, dar rezultatele pot fi incorecte",Compilatorul o corectează automat,Programul intră într-o buclă infinită,B
241,Instrucțiunea while evaluează expresia de control înainte de a executa blocul de cod asociat.,Când este evaluată expresia de control într-o buclă while?,"Doar o singură dată, la începutul programului",Înainte de fiecare execuție a blocului,După prima execuție a blocului,Doar la finalul buclei,B
242,"Instrucțiunea do-while execută cel puțin o dată blocul de cod, deoarece expresia este evaluată la final.",De ce bucla do-while execută cel puțin o dată blocul de instrucțiuni?,Pentru că expresia este întotdeauna adevărată,Pentru că este o buclă infinită,Pentru că folosește o valoare santinelă implicită,Pentru că expresia este evaluată la final,D
243,Bucla for este potrivită atunci când numărul de iterații este cunoscut de la început.,În ce situație este recomandată utilizarea buclei for?,Când numărul de iterații este cunoscut,Când este necesară o structură recursivă,Când se lucrează cu șiruri de caractere,Când condiția de oprire nu este cunoscută,A
244,Expresiile expr1 și expr3 din bucla for sunt de obicei folosite pentru inițializare și incrementare.,Care este rolul expresiilor expr1 și expr3 într-o buclă for?,Inițializarea și incrementarea variabilei de control,Definirea variabilelor globale,Executarea condiției de oprire,Verificarea erorilor logice,A
245,"Operatorul ',' permite specificarea mai multor expresii într-un for, separate prin virgulă.","Ce rol are operatorul ',' în instrucțiunea for?",Separă mai multe expresii în cadrul aceleiași secțiuni,Definește o constantă,Termină instrucțiunea curentă,Înlocuiește punctul și virgula,A
246,"Instrucțiunea break întrerupe imediat execuția unei bucle, indiferent de condiția de control.",Ce efect are break asupra unei bucle în execuție?,Întrerupe execuția buclei și iese din ea,Sare la prima instrucțiune a buclei,Ignoră expresia de control,Resetează variabila de control,A
247,"Instrucțiunea continue nu iese din buclă, ci trece la următoarea iterație.",Ce se întâmplă când este executată instrucțiunea continue într-o buclă?,Condiția de control este ignorată,Este reluată bucla de la începutul următoarei iterații,Se iese din bucla curentă,Bucla se oprește complet,B
248,Instrucțiunea goto permite saltul direct la o etichetă definită în program.,Cum se realizează un salt în cod folosind goto?,Prin folosirea unei instrucțiuni continue,Prin folosirea unei variabile globale,Prin indicarea unei etichete definite în program,Prin apelarea unei funcții speciale,C
249,Instrucțiunile goto pot complica structura programului și sunt evitate în programarea structurată.,De ce se recomandă evitarea instrucțiunii goto?,Pentru că îngreunează lizibilitatea și întreținerea codului,Pentru că ocupă prea multă memorie,Pentru că produce erori de compilare,Pentru că este lentă,A
250,"Pentru calcularea notei medii a unei clase, variabila total trebuie inițializată la 0, iar contorul la 0.",Ce valori inițiale trebuie atribuite variabilelor total și contor pentru calculul mediei?,"total la 1, contor la 0",Ambele la 0,"total la 0, contor la 1",Ambele la 1,B
251,O valoare santinelă este o valoare specială care marchează sfârșitul introducerii datelor.,Ce tip de valoare este folosită pentru a opri o buclă de citire a datelor?,Valoare maximă,Valoare logică,Valoare aleatorie,Valoare santinelă,D
252,"Pentru a evita împărțirea la zero, se verifică dacă contorul este diferit de 0 înainte de calculul mediei.",Cum se poate evita o eroare de tip împărțire la zero?,Folosind operatorul break,Utilizând o valoare santinelă negativă,Folosind operatorul continue,Verificând dacă împărțitorul este diferit de 0,D
253,"O variabilă reală este potrivită pentru stocarea mediei, deoarece poate conține valori fracționare.",De ce se folosește o variabilă reală pentru nota medie?,Pentru că se inițializează automat la zero,Pentru că poate stoca doar valori întregi,Pentru că poate stoca valori fracționare,Pentru că ocupă mai puțină memorie,C
254,Tehnica de proiectare top-down implică rafinarea pas cu pas a unei soluții până la obținerea detaliilor de implementare.,Ce presupune proiectarea top-down?,Rafinarea treptată a soluției în pași mai mici,Optimizarea doar a funcțiilor finale,Scrierea directă a codului final,Executarea simultană a tuturor modulelor,A
255,"Într-un program iterativ, condiția de oprire determină momentul când ciclul se încheie.",Ce determină condiția de oprire într-o buclă?,Numărul de iterații efectuate,Începutul unui nou bloc de cod,Valoarea maximă a unei constante,Momentul în care bucla se termină,D
256,"Pentru a calcula nota medie a unui număr necunoscut de studenți, se poate folosi o valoare santinelă negativă pentru a opri introducerea.",Cum se poate opri introducerea notelor atunci când numărul lor este necunoscut?,Când este introdusă o valoare santinelă negativă,Când utilizatorul apasă ENTER,După atingerea unei note maxime,După 10 note introduse automat,A
257,Rafinarea pas cu pas presupune transformarea unei specificații generale într-o implementare concretă.,Care este scopul rafinării pas cu pas?,Să genereze automat codul,Să detalieze treptat soluția până la implementare,Să elimine toate buclele din program,Să înlocuiască pseudocodul cu diagrame logice,B
258,O împărțire la zero reprezintă o eroare fatală care oprește execuția programului.,Ce tip de eroare este o împărțire la zero?,Eroare de compilare,Eroare logică minoră,Eroare non-fatală,Eroare fatală,D
259,Căutarea binară este o metodă eficientă de găsire a unei valori într-un șir ordonat crescător.,Ce condiție trebuie îndeplinită pentru a aplica o căutare binară?,Șirul trebuie să fie neordonat,Valorile trebuie să fie unice,Șirul trebuie să fie ordonat crescător sau descrescător,Elementul căutat trebuie să fie la mijloc,C
260,"Într-o căutare binară, valoarea căutată este comparată cu elementul de la mijlocul șirului.",Ce se compară la fiecare pas într-o căutare binară?,Elementul căutat și elementul de la mijlocul șirului,Lungimea șirului cu indexul curent,Primul și ultimul element,Media elementelor din șir,A
261,"O buclă infinită continuă execuția la nesfârșit, deoarece condiția de oprire nu este niciodată îndeplinită.",Ce caracterizează o buclă infinită?,Condiția de oprire este mereu adevărată,Are un număr fix de repetiții,Se oprește automat după 100 de iterații,Condiția de oprire nu este niciodată adevărată,D
262,Instrucțiunea return poate fi folosită pentru a ieși dintr-o funcție înainte de sfârșitul acesteia.,Ce face instrucțiunea return într-o funcție?,Resetează variabilele locale,Finalizează programul complet,Sare la următoarea buclă,Întrerupe funcția și returnează controlul către apelant,D
263,Un program poate fi împărțit în segmente de control care respectă principiul single-entry/single-exit.,Ce înseamnă principiul single-entry/single-exit?,Mai multe căi de intrare și una de ieșire,Utilizarea exclusivă a funcțiilor recursive,Execuție paralelă pe mai multe fire,O singură cale de intrare și una de ieșire pentru fiecare bloc de cod,D
264,Utilizarea break în interiorul unei bucle imbricate afectează doar bucla cea mai interioară.,Ce buclă întrerupe instrucțiunea break într-o structură imbricată?,Ultima buclă definită în program,Prima buclă exterioară,Doar bucla cea mai interioară,Toate buclele,C
265,O structură switch poate fi utilizată pentru a evalua o expresie cu valori întregi și a executa o ramură corespunzătoare.,Ce tip de valori pot fi testate într-un switch?,Numere întregi sau caractere,Pointeri,Șiruri de caractere,Numere reale,A
266,"Structurile repetitive sunt folosite pentru a executa instrucțiuni de mai multe ori, atâta timp cât o condiție este adevărată.",Care este scopul structurilor repetitive în programare?,Executarea repetată a instrucțiunilor cât timp condiția este adevărată,Sortarea datelor automat,Inițializarea variabilelor globale,Executarea unei instrucțiuni o singură dată,A
267,Instrucțiunea de decizie if permite selectarea unei ramuri de execuție în funcție de o condiție logică.,Ce rol are instrucțiunea if într-un program?,Controlează ieșirea din funcții,Selectează ramura de cod care se execută în funcție de o condiție,Determină ordinea execuției buclelor,Inițializează variabilele,B
268,"Programarea structurată utilizează doar trei structuri logice: secvență, selecție și iterație.",Ce caracterizează programarea structurată?,Utilizarea recursivității în toate programele,Executarea simultană a mai multor procese,Evitarea instrucțiunii goto și utilizarea a trei structuri logice de bază,Folosirea exclusivă a funcțiilor matematice,C
269,"O eroare logică non-fatală nu oprește programul, dar poate genera rezultate incorecte.",Ce efect are o eroare logică non-fatală?,Permite rularea cu rezultate greșite,Se corectează automat,Blochează compilatorul,Determină oprirea programului,A
270,Instrucțiunea switch este preferată în locul if-urilor multiple pentru claritate și eficiență.,De ce este preferată instrucțiunea switch în locul mai multor if-uri consecutive?,Pentru claritate și eficiență în gestionarea mai multor cazuri,Pentru că este mai ușor de compilat,Pentru că folosește mai puțină memorie,Pentru că acceptă și valori reale,A
271,"Funcțiile permit împărțirea unui program în module mai mici, fiecare cu o sarcină clară.",Care este scopul principal al utilizării funcțiilor într-un program C?,Reducerea numărului de variabile,Împărțirea programului în module logice mai mici,Evitarea utilizării librăriilor externe,Creșterea dimensiunii codului,B
272,Principiul 'divide et impera' presupune împărțirea unei probleme complexe în subprobleme mai simple.,Ce înseamnă principiul 'divide et impera' în programare?,Evitarea utilizării funcțiilor,Crearea unui program cu un singur fișier sursă,Combinarea tuturor funcțiilor într-o singură buclă,Împărțirea unei probleme complexe în subprobleme mai mici,D
273,"Funcțiile din librăria standard C oferă instrumente pentru calcule matematice, manipularea șirurilor și operații I/O.",Ce tip de funcții oferă librăria standard C?,Funcții pentru desenarea interfețelor,Doar funcții grafice,"Funcții pentru calcule, manipulare de șiruri și I/O",Funcții pentru baze de date,C
274,"O funcție apelată preia temporar controlul execuției, îl procesează și îl returnează apelantului.",Ce se întâmplă atunci când o funcție este apelată în C?,Programul se oprește până la finalizarea funcției,Funcția devine globală automat,Funcția apelată se execută simultan cu apelantul,Funcția apelată preia controlul și îl returnează apelantului după execuție,D
275,"Parametrii formali sunt declarați în definiția funcției, iar argumentele sunt valorile efective transmise la apel.",Care este diferența dintre parametri formali și argumente?,"Argumentele sunt constante, parametrii formali sunt variabile globale","Parametrii formali sunt definiți în funcție, argumentele sunt valorile transmise la apel",Nu există nicio diferență,Parametrii formali sunt locali funcției main,B
276,Prototipul unei funcții informează compilatorul despre tipul de retur și tipurile parametrilor așteptați.,Ce rol are prototipul unei funcții?,Optimizează timpul de execuție,Definește implementarea completă a funcției,Informează compilatorul despre tipul de retur și parametri,Creează o copie a funcției principale,C
277,Cuvântul cheie 'void' indică faptul că o funcție nu returnează nicio valoare.,Ce înseamnă tipul de retur 'void' al unei funcții?,Funcția nu returnează nimic,Funcția returnează o valoare logică,Funcția este apelată recursiv,Funcția returnează zero,A
278,"În C, separatorul între parametrii unei funcții este virgula.",Ce simbol se folosește pentru a separa parametrii unei funcții în C?,",",;,.,:,A
279,Instrucțiunea 'return expression;' permite returnarea unei valori către funcția apelantă.,Cum returnează o funcție o valoare în C?,Prin modificarea unei variabile globale,Prin folosirea instrucțiunii return expression;,Prin afișare cu printf,Prin operatorul =,B
280,Funcția main returnează o valoare întreagă sistemului de operare la finalul execuției.,Ce semnificație are valoarea returnată de funcția main?,Este ignorată de compilator,"1 indică succes, 0 indică eroare","0 indică succes, alte valori indică erori",Returnează timpul de execuție al programului,C
281,"În C, toate funcțiile transmit parametrii prin valoare.",Cum sunt transmiși parametrii unei funcții în C?,Prin copiere de pointeri,Prin referință implicită,Prin valoare,Prin referință,C
282,Transmiterea prin valoare presupune copierea valorii argumentului în parametrul formal.,Ce presupune transmiterea parametrilor prin valoare?,Se modifică direct valoarea argumentului,Se transmite o copie a valorii argumentului,Parametrul și argumentul referă aceeași locație de memorie,Parametrii sunt globali,B
283,Stiva apelului de funcție este o structură LIFO care gestionează adresele de retur și variabilele locale.,Ce rol are stiva apelului de funcție?,Memorează datele de intrare/ieșire,Reține toate fișierele incluse,Gestionează apelurile funcțiilor și adresele de retur,Gestionează doar variabilele globale,C
284,Un cadru de stivă este creat pentru fiecare apel de funcție și eliminat la returnarea acesteia.,Ce conține cadrul de stivă al unei funcții?,Adresa de retur și variabilele locale ale funcției,Valorile tuturor funcțiilor apelate anterior,Rezultatul funcției precedente,Fișierele header incluse,A
285,Eroarea 'stack overflow' apare când sunt prea multe apeluri de funcții și stiva devine plină.,Ce cauzează eroarea 'stack overflow'?,Lipsa fișierelor header,Prea multe apeluri de funcții fără eliberarea cadrului de stivă,Utilizarea operatorilor logici incorect,Prea multe variabile globale,B
286,"Există patru clase de stocare în C: auto, register, static și extern.",Care sunt cele patru clase de stocare din C?,"private, public, protected, extern","const, static, dynamic, extern","auto, register, static, extern","local, global, static, temp",C
287,Variabilele locale au durata de stocare automată și există doar cât timp funcția este activă.,Cât timp există o variabilă locală cu stocare automată?,Pe durata întregii sesiuni de compilare,Cât timp funcția este activă,Doar până la prima iterație a buclei,Pe toată durata programului,B
288,O variabilă statică este inițializată o singură dată și își păstrează valoarea între apeluri.,Ce caracterizează o variabilă statică locală?,Poate fi accesată din orice fișier,Este creată la fiecare apel al funcției,Este distrusă imediat după execuție,Își păstrează valoarea între apeluri,D
289,"Variabilele globale și funcțiile au, implicit, stocare statică externă.",Ce tip de stocare au implicit variabilele globale?,Locală,Dinamică,Automată,Exterioară (statică extern),D
290,Cuvântul cheie 'register' sugerează compilatorului să stocheze variabila într-un registru al procesorului.,Ce rol are specificatorul 'register'?,Stochează variabila în memoria secundară,Blochează optimizarea variabilei,Sugerează stocarea în registrul procesorului pentru acces rapid,Transformă variabila în pointer,C
291,Etichetele folosite în instrucțiuni goto au vizibilitate la nivel de funcție (function scope).,Ce nivel de vizibilitate au etichetele în C?,De fișier,De bloc,De funcție,Global,C
292,Orice identificator declarat în afara unei funcții are vizibilitate la nivel de fișier (file scope).,Ce înseamnă vizibilitatea de tip 'file scope'?,Identificatorul poate fi accesat doar dintr-o buclă,Identificatorul este accesibil în tot fișierul sursă,Identificatorul este local funcției apelate,Identificatorul este vizibil doar în funcția main,B
293,Identificatorii declarați între acolade { } au vizibilitate limitată la acel bloc de cod.,Ce înseamnă 'block scope'?,Variabila este accesibilă doar în blocul în care este declarată,Variabila este accesibilă în toate funcțiile,Variabila este accesibilă în toate fișierele proiectului,Variabila este vizibilă doar în main,A
294,Function-prototype scope se aplică identificatorilor din lista de parametri a prototipului unei funcții.,Ce identificatori au 'function-prototype scope'?,Constantele numerice,Etichetele goto,Variabilele globale,Parametrii din lista de prototip a unei funcții,D
295,Funcțiile statice sunt accesibile doar în fișierul sursă în care au fost definite.,Care este limita de vizibilitate a unei funcții declarate static?,Doar în cadrul unei bucle,Doar din fișierul sursă curent,Doar din funcția main,Este accesibilă din orice fișier,B
296,"Variabilele globale ar trebui evitate, deoarece pot produce efecte colaterale între funcții.",De ce se recomandă evitarea variabilelor globale?,Pentru că pot cauza efecte colaterale între funcții,Pentru că ocupă prea multă memorie RAM,Pentru că nu pot fi inițializate,Pentru că sunt mai lente,A
297,"Funcțiile mici, cu scop bine definit, facilitează mentenanța și reutilizarea codului.",Care este avantajul funcțiilor de dimensiuni reduse?,Fac codul mai clar și ușor de reutilizat,Nu necesită prototip,Se compilează automat în librării,Sunt mai rapide indiferent de conținut,A
298,"Într-un program modular, funcțiile sunt unitățile principale de construcție.",Ce reprezintă funcțiile într-un program modular?,Instrucțiuni simple,Unități principale de construcție a programului,Comentarii descriptive,Erori de compilare,B
299,"Pentru ca apelul unei funcții să fie valid, prototipul, antetul și apelul trebuie să coincidă în număr, tip și ordine a parametrilor.","Ce condiție trebuie îndeplinită între prototip, antet și apelul funcției?",Să aibă același tip de bloc returnat,Să fie scrise în același fișier,"Să aibă același număr, tip și ordine a parametrilor",Să folosească aceleași nume de variabile,C
300,Transmiterea parametrilor prin referință permite modificarea valorilor originale ale variabilelor apelante.,Ce efect are transmiterea parametrilor prin referință?,Creează copii independente ale variabilelor,Modifică valorile originale ale variabilelor apelante,Previne accesul la memorie,Ignoră parametrii formali,B
301,"Stiva apelului de funcție respectă principiul LIFO (Last In, First Out).",Ce principiu urmează stiva apelului de funcție?,RANDOM - Aleatoriu,"MIFO - Middle In, First Out","LIFO - Last In, First Out","FIFO - First In, First Out",C
302,Fiecare funcție apelată creează un cadru de stivă care conține informațiile necesare pentru execuție și retur.,Ce informații conține cadrul de stivă al unei funcții?,Lista completă a fișierelor incluse,Adresa de retur și variabilele locale,Rezultatele finale ale tuturor funcțiilor,Doar parametrii globali ai programului,B
303,Instrucțiunea return determină scoaterea cadrului curent din stivă și revenirea controlului la apelant.,Ce efect are instrucțiunea return asupra stivei?,Șterge ultimul cadru și revine la funcția apelantă,Nu afectează stiva,Golește complet stiva,Creează un nou cadru de stivă,A
304,"Eroarea 'stack overflow' apare atunci când stiva de apeluri este plină, de obicei din cauza recursivității excesive.",Ce poate cauza o eroare de tip stack overflow?,Folosirea operatorilor logici greșit,Apeluri recursive fără condiție de oprire,O variabilă globală prea mare,Utilizarea fișierelor header multiple,B
305,"Transmiterea parametrilor prin valoare creează o copie a variabilei, iar modificările nu afectează originalul.",Ce se întâmplă cu valoarea originală a unei variabile când este transmisă prin valoare?,Este copiată și rămâne neschimbată,Este modificată permanent,Este convertită automat în pointer,Este ștearsă după apel,A
306,Transmiterea prin referință permite funcției apelate să modifice variabila originală din apelant.,Cum afectează transmiterea prin referință variabilele apelantului?,Le blochează modificarea,Le convertește în constante,Le copiază într-un alt spațiu de memorie,Le poate modifica direct,D
307,Variabilele 'auto' sunt create automat la intrarea în bloc și distruse la ieșire.,Când este creată și distrusă o variabilă 'auto'?,Când este apelată o funcție externă,La începutul și sfârșitul funcției în care este declarată,Când programul este compilat,La începutul programului și finalul execuției,B
308,"Variabilele 'register' pot fi accesate mai rapid, deoarece sunt stocate în registrele procesorului.",Care este avantajul variabilelor 'register'?,Pot fi folosite global,Sunt accesate mai rapid de procesor,Ocupa mai puțină memorie RAM,Sunt salvate automat pe disc,B
309,Cuvântul cheie 'extern' indică faptul că o variabilă este definită într-un alt fișier sursă.,Ce semnificație are specificatorul 'extern'?,Variabila este statică locală,Variabila este globală și definită în alt fișier sursă,Are vizibilitate doar în main,Este creată în interiorul unei funcții,B
310,O variabilă statică declarată într-o funcție își păstrează valoarea între apeluri succesive.,Ce se întâmplă cu o variabilă statică locală între apelurile funcției?,Își păstrează valoarea de la apelul anterior,Este distrusă imediat după return,Este copiată în stivă,Este resetată la zero de fiecare dată,A
311,Toate variabilele statice numerice sunt inițializate automat la 0 de compilator.,Care este valoarea implicită a unei variabile statice numerice neinițializate?,Valoare aleatorie,0,,1,B
312,Durata de stocare definește perioada în care o variabilă există în memorie.,Ce determină durata de stocare a unei variabile?,Numele variabilei,Clasa de stocare,Dimensiunea fișierului sursă,Tipul de date,B
313,Vizibilitatea (scope) definește porțiunea de cod unde un identificator poate fi accesat.,Ce reprezintă vizibilitatea unei variabile?,Dimensiunea alocată în stivă,Zona din cod unde poate fi utilizată,Valoarea implicită la inițializare,Durata de viață în memorie,B
314,Identificatorii declarați în interiorul unui bloc au vizibilitate doar în acel bloc.,Unde sunt vizibile variabilele declarate într-un bloc?,În întregul program,În toate funcțiile din fișier,În tot fișierul sursă,Doar în interiorul acelui bloc,D
315,Etichetele utilizate în combinație cu instrucțiunea goto au vizibilitate la nivel de funcție.,Ce nivel de vizibilitate au etichetele goto?,De fișier,De bloc,Global,De funcție,D
316,Fișierele header (.h) conțin prototipuri de funcții și definiții de constante folosite în alte fișiere.,Ce conține de obicei un fișier header în C?,Date binare,Doar funcția main,Instrucțiuni printf,Prototipuri de funcții și constante,D
317,Instrucțiunea #include <stdio.h> face cunoscut compilatorului prototipul funcției printf pentru întregul program.,Ce efect are #include <stdio.h>?,Optimizează performanța compilatorului,Definește funcția main,Declanșează execuția programului,Importă prototipul funcției printf și alte funcții standard I/O,D
318,Prototipurile funcțiilor trebuie incluse înainte de apelurile lor pentru a permite verificarea tipurilor de argumente.,De ce este important să incluzi prototipul unei funcții înainte de apel?,Pentru a aloca memorie variabilelor locale,Pentru a optimiza timpul de rulare,Pentru a forța conversia tipurilor de date,Pentru a evita avertismentele compilatorului și erorile de tip,D
319,Funcția getline citește o linie de la tastatură și returnează lungimea acesteia.,Ce returnează funcția getline din exemplul cursului?,Codul ASCII al caracterului '\n',Lungimea liniei citite,Ultimul caracter citit,Numărul de linii citite,B
320,"În funcția getline, caracterul de sfârșit de linie '\n' este inclus în șirul citit, urmat de '\0'.",Cum tratează funcția getline caracterul de sfârșit de linie?,Îl șterge automat,Îl adaugă în șir urmat de '\0',Îl înlocuiește cu spațiu,Îl ignoră complet,B
321,EOF (End of File) marchează sfârșitul introducerii datelor și este obținut în Windows prin combinația CTRL+Z urmată de ENTER.,Cum se semnalează sfârșitul fișierului (EOF) în Windows?,Prin tasta ESC,Prin SHIFT+ENTER,Prin CTRL+Z urmat de ENTER,Prin ALT+F4,C
322,Funcția strindex caută un șir într-o altă linie și returnează indexul primei apariții.,Ce returnează funcția strindex dacă șirul este găsit?,Numărul de caractere găsite,Valoarea -1,Indexul primei apariții a șirului,Lungimea liniei analizate,C
323,"Dacă funcția strindex nu găsește șirul căutat, returnează valoarea -1.",Ce valoare returnează funcția strindex dacă nu găsește șirul?,0,1,EOF,-1,D
324,Cadrul de stivă al unei funcții este creat la apel și distrus automat la terminarea acesteia.,Când este distrus cadrul de stivă al unei funcții?,La începutul programului,După finalizarea funcției și execuția return,Când compilatorul optimizează codul,După fiecare linie de cod,B
325,Funcțiile pot fi definite în fișiere separate și conectate prin compilare multiplă și linkare.,Cum pot fi combinate mai multe funcții definite în fișiere diferite?,Prin conversie binară,Prin directiva #combine,Prin compilare separată și linkare,Prin includerea funcției main în fiecare fișier,C
326,"Un header creat de programator are extensia .h și este inclus în alte fișiere sursă cu #include ""nume.h"".",Cum se include un fișier header creat de programator?,"#include ""nume.h""",#import <nume.h>,#open header.h,#link <nume.h>,A
327,"Funcțiile din librăria standard C, precum printf și scanf, sunt declarate în fișiere header standard.",Unde sunt declarate funcțiile standard precum printf și scanf?,În fișierul executabil,În fișiere header standard precum stdio.h,În funcția main,În librăriile dinamice .dll,B
328,"Pentru documentare, este recomandat să includeți și numele parametrilor în prototipul funcției, nu doar tipurile.",De ce este util să includem numele parametrilor în prototipul funcției?,Pentru a evita includerea fișierelor header,Pentru claritate și documentare,Pentru a reduce dimensiunea executabilului,Pentru optimizarea codului,B
329,Conversia implicită a argumentelor în momentul apelului funcției poartă numele de coercion of arguments.,Ce reprezintă coercion of arguments?,Folosirea automată a valorilor implicite pentru argumente lipsă,Conversia automată a tipurilor argumentelor la tipurile parametrilor,Transformarea funcțiilor în pointeri,Ignorarea tipurilor argumentelor la compilare,B
330,Regulile de conversie aritmetică specifică modul în care valorile sunt convertite fără pierderea informației.,Ce rol au regulile de conversie aritmetică în C?,Specifică ordinea apelurilor de funcții,Stabilesc durata de viață a variabilelor,Determină cum sunt convertite valorile între tipuri diferite fără pierderi,Controlează alocarea memoriei dinamice,C
331,Un tablou este un tip de date derivat care stochează elemente de același tip în locații de memorie contigue.,Ce reprezintă un tablou în limbajul C?,O structură care stochează elemente de același tip în memorie contiguă,O variabilă care poate stoca doar o valoare,O expresie logică,O funcție care manipulează caractere,A
332,Primul element dintr-un tablou C are întotdeauna indexul 0.,Care este indexul primului element dintr-un tablou C?,-1,Depinde de tipul tabloului,1,0,D
333,Fiecare element dintr-un tablou este accesat folosind operatorul [ ].,Cum se accesează un element dintr-un tablou în C?,Prin pointer direct,Prin operatorul (),Prin operatorul {},Prin operatorul [],D
334,"Tablourile sunt entități statice, adică își păstrează dimensiunea pe toată durata execuției programului.",Ce caracteristică definește tablourile în C?,Depind de funcția main,Își pot modifica dimensiunea în timpul execuției,Au dimensiune fixă stabilită la definire,Sunt dinamice implicit,C
335,Definiția unui tablou are forma tip_de_date nume_tablou[nr_elem];,Care este forma corectă de definire a unui tablou în C?,array tip_de_date nume[n];,tip_de_date nume_tablou[nr_elem];,declare nume_tablou[n];,int tablou();,B
336,"Când un tablou este inițializat cu o listă mai scurtă decât dimensiunea declarată, elementele rămase sunt setate la 0.",Ce se întâmplă dacă un tablou este inițializat parțial?,Elementele neinițializate primesc valoarea 0,Se generează eroare de compilare,Elementele neinițializate conțin valori aleatorii,Se ignoră lista de inițializare,A
337,Omiterea numărului de elemente în definiția unui tablou face ca dimensiunea sa să fie determinată automat din lista de inițializare.,Cum este determinată dimensiunea unui tablou dacă nu este specificată explicit?,Prin valoarea primului element,Prin numărul elementelor din lista de inițializare,Este mereu 10 implicit,Se generează eroare,B
338,"Tablourile nu sunt automat inițializate la zero, spre deosebire de variabilele statice.",Sunt tablourile automat inițializate la zero în C?,Numai tablourile locale,"Da, toate tipurile de tablouri",Numai tablourile globale și statice,Niciun tip de tablou,C
339,O eroare logică apare atunci când programatorul accesează un element din afara limitelor tabloului.,Ce se întâmplă dacă este accesat un element în afara limitelor tabloului?,Elementul este ignorat,Programul se oprește automat,Rezultatul este nedefinit (comportament imprevizibil),Compilatorul generează o eroare de sintaxă,C
340,Constantele simbolice sunt definite de obicei cu majuscule pentru claritate.,Cum se scriu de obicei constantele simbolice în C?,Cu prefixul CONST_,Cu majuscule,Cu litere mici,Cu cifre și litere amestecate,B
341,Directiva #define este folosită pentru definirea constantelor simbolice.,Ce directivă se folosește pentru a defini o constantă simbolică?,#value,#static,#const,#define,D
342,"O constantă simbolică nu ocupă memorie, fiind înlocuită la compilare cu valoarea ei.",Când este înlocuită o constantă simbolică cu valoarea sa?,La execuție,După rularea programului,După apelarea funcției main,În timpul compilării,D
343,Pentru definirea constantelor simbolice cu mai multe cuvinte se folosește convenția snake_case.,Ce convenție se folosește pentru constante simbolice formate din mai multe cuvinte?,camelCase,UpperCamel,snake_case,PascalCase,C
344,"Funcția srand() inițializează generatorul de numere aleatoare, iar rand() generează numere pseudoaleatoare.",Ce rol au funcțiile srand() și rand()?,Gestionează fluxul de execuție,Inițializează și citesc fișiere,Inițializează și generează numere pseudoaleatoare,Calculează valorile minime și maxime,C
345,Un șir de caractere este un tablou de tip char terminat cu caracterul nul '\0'.,Cu ce caracter se termină toate șirurile de caractere în C?,'\n','\0',' ','\t',B
346,Un tablou definit ca char str[20] poate conține 19 caractere utile și un caracter de terminare '\0'.,Câte caractere utile poate conține un tablou definit ca char str[20]?,18,19,20,Depinde de conținut,B
347,Funcția scanf() poate depăși dimensiunea unui tablou dacă nu este limitată corespunzător.,De ce trebuie precizată dimensiunea maximă la folosirea scanf() pentru șiruri?,Pentru a reduce memoria folosită,Pentru a preveni depășirea limitelor tabloului,Pentru a accelera citirea datelor,Pentru a forța conversia în numere întregi,B
348,Calificatorul static aplicat unui tablou local face ca acesta să își păstreze valorile între apeluri succesive ale funcției.,Ce efect are calificatorul static asupra unui tablou local?,Îl șterge la finalul execuției,Îl face global,Îl face temporar,Îi păstrează valorile între apeluri ale funcției,D
349,"Tablourile statice sunt inițializate la începutul programului, iar elementele lor neinițializate sunt setate la zero.",Când sunt inițializate tablourile statice?,Când sunt apelate explicit,La fiecare apel al funcției,La începutul programului,La finalul execuției,C
350,"Când un tablou este transmis unei funcții, se transmite automat adresa primului element.",Cum sunt transmise tablourile către funcții în C?,Prin pointer dublu,Prin valoare,Prin copiere completă,Prin referință (adresa primului element),D
351,"Pentru a preveni modificarea elementelor tabloului într-o funcție, se poate folosi modificatorul const.",Cum poate fi protejat un tablou transmis unei funcții împotriva modificării?,Prin folosirea modificatorului const în parametri,Prin declararea tabloului global,Prin copierea tuturor elementelor,Prin blocarea memoriei,A
352,Bubble sort compară elemente adiacente dintr-un tablou și le interschimbă dacă sunt în ordine greșită.,Ce face algoritmul bubble sort?,Ordonează elementele prin comparații și interschimbări succesive,Copiază toate elementele unui tablou,Șterge valorile duplicate,Combină două tablouri,A
353,"Bubble sort este simplu de implementat, dar ineficient pentru volume mari de date.",Care este dezavantajul principal al bubble sort?,Nu poate sorta valori negative,Produce erori logice frecvente,Rulează lent pe seturi mari de date,Folosește prea multă memorie,C
354,Căutarea liniară compară elementul căutat cu fiecare valoare din tablou până la găsirea unei potriviri.,Cum funcționează căutarea liniară?,Sare direct la mijlocul tabloului,Sortează mai întâi tabloul,Compară fiecare element în ordine până la găsirea celui căutat,Folosește pointeri pentru acces rapid,C
355,Căutarea binară funcționează doar pe tablouri ordonate.,Ce condiție trebuie îndeplinită pentru a aplica căutarea binară?,Tabloul trebuie să fie ordonat,Tabloul trebuie să fie neordonat,Tabloul trebuie să conțină doar valori pozitive,Tabloul trebuie să conțină doar valori unice,A
356,"Într-un tablou bidimensional, al doilea indice variază mai rapid decât primul.",Care indice variază mai repede într-un tablou bidimensional în C?,Depinde de compilator,Ambii simultan,Al doilea,Primul,C
357,"Când un tablou 2D este transmis unei funcții, numărul de coloane trebuie specificat explicit.",Ce dimensiune trebuie specificată când un tablou 2D este transmis unei funcții?,Ambele dimensiuni,Numărul de linii,Numărul de coloane,Nicio dimensiune,C
358,"Elementele unui tablou bidimensional sunt stocate consecutiv în memorie, linie cu linie.",Cum sunt stocate elementele unui tablou bidimensional în memorie?,"Linie cu linie, consecutiv",Pe coloane,Aleatoriu,În ordine descrescătoare,A
359,"Tablourile cu lungime variabilă (VLA) au dimensiunea stabilită la rularea programului, nu la compilare.",Când se stabilește dimensiunea unui tablou cu lungime variabilă (VLA)?,La rulare,La compilare,La includerea librăriilor,După terminarea programului,A
360,Standardul C permite utilizarea tablourilor VLA pentru flexibilitate în lucrul cu date de dimensiune necunoscută.,De ce sunt utile tablourile cu lungime variabilă (VLA)?,Sunt mai rapide decât tablourile statice,Permit definirea tablourilor cu dimensiune stabilită la rulare,Reduc automat dimensiunea memoriei folosite,Elimină nevoia de pointeri,B
361,Un pointer este o variabilă care conține adresa unei alte variabile din memorie.,Ce este un pointer în limbajul C?,O funcție care returnează o valoare,O constantă logică,Un tip de date numeric,O variabilă care conține adresa unei alte variabile,D
362,"Pointerii sunt folosiți pentru a obține cod eficient și compact, permițând acces direct la memorie.",Care este unul dintre avantajele utilizării pointerilor?,Simplifică sintaxa programelor,Permit acces direct și eficient la memorie,Împiedică erorile de memorie,Înlocuiesc complet variabilele globale,B
363,Operatorul '&' returnează adresa unei variabile din memorie.,Ce face operatorul '&' în C?,Returnează valoarea unei variabile,Compară două adrese,Șterge conținutul unei variabile,Returnează adresa unei variabile,D
364,Operatorul '*' este folosit pentru dereferențiere — obținerea valorii de la adresa stocată într-un pointer.,Ce rol are operatorul '*' când este aplicat unui pointer?,Transformă valoarea în caracter,Returnează adresa variabilei,Returnează valoarea stocată la adresa respectivă,Creează un nou pointer,C
365,Operatorul '&' nu poate fi aplicat constantelor sau variabilelor de tip register.,Asupra căror elemente nu poate fi folosit operatorul '&'?,Expresii și constante,Elemente ale tablourilor,Variabile globale,Elemente de tip pointer,A
366,Pointerii trebuie inițializați înainte de utilizare pentru a evita erorile de execuție fatale.,Ce se poate întâmpla dacă un pointer neinițializat este dereferențiat?,Valoarea pointerului este setată automat la 0,Programul funcționează normal,Pointerul este convertit în întreg,Se produce o eroare de execuție fatală,D
367,Transmiterea parametrilor prin referință se implementează în C folosind pointeri.,Cum se realizează transmiterea parametrilor prin referință în C?,Prin pointeri,Prin variabile const,Prin fișiere externe,Prin variabile globale,A
368,Calificatorul const previne modificarea accidentală a variabilelor și îmbunătățește siguranța codului.,Care este rolul calificatorului const?,Determină tipul de retur al funcției,Previne modificarea datelor marcate cu const,Permite modificarea liberă a datelor,Optimizează timpul de compilare,B
369,"Un pointer către void (void*) poate stoca adresa oricărui tip de date, dar nu poate fi dereferențiat.",Ce limitare are pointerul generic void*?,Nu poate fi dereferențiat direct,Poate stoca doar adrese de tip int,Este alocat automat în stivă,Este incompatibil cu pointerii const,A
370,"Un pointer constant către date non-constante nu poate schimba adresa la care pointează, dar poate modifica datele.",Ce poate face un pointer constant către date non-constante?,Poate schimba adresa,Nu poate fi inițializat,Poate modifica valorile din adresa la care pointează,Nu poate modifica datele,C
371,Numele unui tablou este un pointer constant către primul element al tabloului.,Ce reprezintă numele unui tablou în C?,O variabilă ce poate fi incrementată,O funcție care returnează adresa tabloului,Un pointer constant către primul element,O expresie logică,C
372,"Operatorul sizeof returnează dimensiunea unui obiect sau tip de date, exprimată în octeți.",Ce returnează operatorul sizeof?,Numărul de elemente dintr-un tablou,"Dimensiunea, în octeți, a unui obiect sau tip de date",Adresa variabilei,Tipul de date al unei expresii,B
373,Numărul de elemente dintr-un tablou poate fi calculat ca sizeof(array) / sizeof(array[0]).,Cum se calculează numărul de elemente dintr-un tablou?,sizeof(array) / sizeof(array[0]),sizeof(array[0]) / sizeof(array),sizeof(array) + sizeof(array[0]),sizeof(array[0]) * sizeof(array),A
374,"În C, expresia a[i] este echivalentă cu *(a + i).",Ce expresie este echivalentă cu a[i]?,*a[i],*(a + i),&a[i],(a & i),B
375,Expresiile &a[i] și (a + i) reprezintă aceeași adresă în memorie.,Ce expresii sunt echivalente în C?,a[i] și (a - i),a și &a,&a[i] și *(a + i),&a[i] și (a + i),D
376,"Pointerii pot fi incrementați și decremențați, iar adunarea unui întreg la un pointer este permisă.",Ce operații sunt permise cu pointerii în C?,"Adunare, scădere și comparare între pointeri compatibili",Comparare cu numere reale,Shift la stânga și dreapta,Înmulțire și împărțire,A
377,Zero (NULL) nu este niciodată o adresă validă pentru datele programului.,Ce semnificație are adresa NULL în C?,Indică o locație de stocare constantă,Reprezintă începutul memoriei programului,Indică o adresă invalidă sau nulă,Este adresa funcției main,C
378,Adunarea a doi pointeri este o operație invalidă în C.,Ce operație este ilegală cu pointerii în C?,Compararea cu NULL,Adunarea unui pointer cu un întreg,Adunarea a doi pointeri,Scăderea a doi pointeri către același tablou,C
379,"Un pointer void nu poate fi dereferențiat direct, deoarece compilatorul nu cunoaște tipul de date referit.",De ce nu poate fi dereferențiat un pointer void?,Pentru că ocupă prea mult spațiu în memorie,Pentru că este rezervat compilatorului,Pentru că tipul de date referit este necunoscut,Pentru că este o constantă,C
380,Un pointer poate fi comparat cu NULL pentru a verifica dacă este valid.,Cum poate fi verificat dacă un pointer este valid?,Comparându-l cu adresa primei variabile,Comparându-l cu NULL,Comparându-l cu 1,Apelând funcția sizeof(pointer),B
381,Un pointer la caracter (char *) poate fi folosit pentru a manipula șiruri de caractere.,Ce tip de pointer se folosește pentru a manipula șiruri de caractere?,char *,void *,float *,int *,A
382,O constantă șir de caractere este un tablou de caractere terminat cu '\0'.,Ce este o constantă șir de caractere în C?,Un pointer static,Un tablou de caractere terminat cu '\0',O adresă de memorie constantă,O variabilă globală,B
383,"Un tablou de pointeri este o structură care conține mai mulți pointeri, fiecare indicând o altă locație de memorie.",Ce conține un tablou de pointeri?,Funcții de alocare dinamică,Doar valori numerice fixe,Adrese către alte variabile sau structuri,Date de tip întreg,C
384,"Într-un tablou de șiruri de caractere, fiecare element este un pointer la primul caracter al unui șir.",Ce reprezintă elementele unui tablou de șiruri de caractere?,Pointeri către primul caracter al fiecărui șir,Caractere individuale,Adrese constante,Numere întregi,A
385,Un pointer la funcție conține adresa unei funcții și poate fi folosit pentru a o apela indirect.,Ce conține un pointer la funcție?,Adresa funcției în memorie,Valoarea de retur a funcției,Codul sursă al funcției,Tipul de date al funcției,A
386,"Pointerii la funcții pot fi transmiși ca parametri, returnați sau stocați în tablouri.",Ce se poate face cu un pointer la funcție în C?,"Poate fi transmis, returnat sau stocat într-un tablou",Poate fi folosit doar în main,Poate fi comparat doar cu zero,Poate fi convertit în tip int,A
387,"Expresia int (*compare)(int a, int b) definește un pointer la o funcție care primește doi parametri întregi și returnează un întreg.","Ce definește expresia int (*compare)(int a, int b)?",O funcție recursivă,O funcție care returnează un pointer,O constantă funcțională,Un pointer la o funcție ce primește doi întregi și returnează un întreg,D
388,Compararea a doi pointeri care nu referențiază elemente din același tablou este o eroare logică.,Ce tip de eroare este compararea pointerilor care nu aparțin aceluiași tablou?,Eroare de sintaxă,Eroare de compilare,Eroare logică,Eroare de tip,C
389,Atribuirea unui pointer de un tip unui pointer de alt tip fără conversie (cast) este o eroare de programare.,Ce se întâmplă dacă se atribuie un pointer de tip diferit fără cast?,Compilatorul convertește automat tipurile,Este o eroare de programare,Rezultatul este întotdeauna 0,Programul compilează fără erori,B
390,"Folosirea pointerilor pentru transmiterea parametrilor este eficientă, dar poate duce la modificări nedorite dacă nu se utilizează const.",De ce este recomandat să se folosească calificatorul const la transmiterea pointerilor?,Pentru a preveni modificarea accidentală a datelor,Pentru a crește dimensiunea stivei,Pentru a accelera execuția programului,Pentru a permite conversia automată a tipurilor,A
391,Structurile sunt tipuri de date derivate care pot conține variabile de tipuri diferite sub același nume.,Ce reprezintă o structură în C?,O funcție de alocare a memoriei,Un tablou de variabile de același tip,Un tip de date care agregă variabile de tipuri diferite,Un tip de date primitiv,C
392,"Structurile sunt folosite pentru a crea tipuri de date complexe, cum ar fi înregistrări sau structuri de date dinamice.",Pentru ce sunt utilizate structurile în C?,Pentru stocarea constantelor globale,Pentru controlul fluxului de execuție,Pentru definirea tipurilor de date complexe și înregistrări,Pentru gestionarea mai multor variabile de același tip,C
393,Sintaxa generală pentru definirea unei structuri este: struct nume_tag { tip membru1; tip membru2; };,Care este sintaxa corectă pentru definirea unei structuri?,struct nume_tag = { valori };,struct nume_tag { tip membru1; tip membru2; };,structure { tip membru; };,typedef struct nume_tag();,B
394,"Membrii unei structuri pot fi de orice tip, inclusiv alți pointeri sau structuri.",Ce tipuri de date pot fi membri ai unei structuri?,"Orice tip de date, inclusiv structuri sau pointeri",Doar tipuri numerice,Doar pointeri,Doar tablouri,A
395,"O structură nu poate conține o instanță a ei însăși, dar poate conține un pointer către ea.",Ce poate conține o structură auto-referențiată?,O funcție membră,O variabilă de tip extern,O copie completă a propriei instanțe,Un pointer către propria instanță,D
396,Definirea unei structuri nu alocă memorie; memoria este alocată doar atunci când este declarată o variabilă de acel tip.,Când se alocă memorie pentru o structură?,La rularea programului,La definirea structurii,Când se declară o variabilă de tip structură,La compilare,C
397,Eticheta unei structuri este un identificator care permite reutilizarea acelei structuri ulterior.,Care este rolul etichetei unei structuri?,Permite definirea ulterioară de variabile de acel tip,Determină dimensiunea structurii,Face structura globală,Inițializează automat variabilele din structură,A
398,Operatorul punct (.) este folosit pentru accesarea membrilor unei structuri prin variabilă directă.,Cum se accesează membrii unei structuri printr-o variabilă?,Cu operatorul *,Cu operatorul ->,Cu operatorul &,Cu operatorul .,D
399,Operatorul săgeată (->) este folosit pentru accesarea membrilor unei structuri prin pointer.,Ce operator se folosește pentru accesarea membrilor unei structuri prin pointer?,Operatorul &,Operatorul ->,Operatorul .,Operatorul sizeof,B
400,Expresia one_card.suit este echivalentă cu (*card_ptr).suit.,Care expresie este echivalentă cu one_card.suit?,(card_ptr)->rank,&card_ptr.suit,one_card->suit,(*card_ptr).suit,D
401,Structurile pot fi transmise funcțiilor ca parametri prin valoare sau prin adresă (referință).,Cum pot fi transmise structurile către funcții?,Doar prin valoare,Numai ca pointeri const,Doar prin referință,Prin valoare sau prin referință (adresă),D
402,Transmiterea unei structuri prin valoare copiază întreaga structură în funcția apelată.,Ce se întâmplă când o structură este transmisă prin valoare?,Se copiază întreaga structură în funcția apelată,Se transmite un pointer constant,Se transmite doar primul membru,Se transmite doar adresa structurii,A
403,Cuvântul cheie typedef permite crearea de sinonime pentru tipurile de date existente.,Ce permite cuvântul cheie typedef?,Crearea de funcții noi,Crearea de sinonime pentru tipuri de date existente,Alocarea dinamică a memoriei,Conversia automată a tipurilor,B
404,O uniune este un tip de date în care toți membrii partajează aceeași zonă de memorie.,Ce caracterizează o uniune în C?,Toți membrii au valori independente,Toți membrii au dimensiuni diferite în memorie,Fiecare membru are propria adresă de memorie,Toți membrii partajează aceeași zonă de memorie,D
405,Dimensiunea unei uniuni este determinată de dimensiunea celui mai mare membru.,Cum este determinată dimensiunea unei uniuni?,"De compilator, în funcție de sistemul de operare",De dimensiunea celui mai mare membru al uniunii,Prin suma dimensiunilor membrilor,Prin numărul de membri ai uniunii,B
406,"La un moment dat, doar un singur membru al unei uniuni poate conține o valoare validă.",Câți membri ai unei uniuni pot fi accesați simultan?,Niciunul,Doar unul,Toți membrii,Depinde de tipurile de date,B
407,"Uniunile se declară similar cu structurile, folosind cuvântul cheie union.",Ce cuvânt cheie se folosește pentru a declara o uniune?,class,typedef,struct,union,D
408,Uniunile pot fi inițializate doar cu o valoare de același tip ca primul membru.,Cu ce tip de valoare poate fi inițializată o uniune?,Doar pointeri,Orice tip de date,Doar valori numerice,Un tip compatibil cu primul membru al uniunii,D
409,Uniunile nu pot fi comparate direct folosind operatorii == sau !=.,Ce operație NU este permisă asupra uniunilor?,Asignarea între uniuni de același tip,Compararea directă cu operatorii == sau !=,Inițializarea primului membru,Accesarea membrilor cu operatorul .,B
410,Enumerările definesc mulțimi de constante întregi identificate prin nume.,Ce reprezintă o enumerare în C?,O colecție de funcții,O mulțime de constante întregi cu nume simbolice,O structură care stochează șiruri de caractere,O listă de variabile globale,B
411,"Valorile dintr-o enumerare încep de la 0 și cresc cu 1, dacă nu se specifică altfel.",Care este valoarea implicită de start într-o enumerare?,Depinde de compilator,0,-1,1,B
412,Se pot specifica valori personalizate pentru identificatorii unei enumerări.,Este posibil să atribuim valori explicite elementelor unei enumerări?,"Nu, valorile sunt întotdeauna implicite",Numai pentru valorile negative,Numai pentru primul element,"Da, prin atribuirea valorilor dorite în definiție",D
413,"Identificatorii unei enumerări pot fi folosiți direct în expresii, fiind tratați ca numere întregi.",Cum sunt tratați identificatorii unei enumerări în C?,Ca variabile globale,Ca pointeri,Ca valori întregi,Ca șiruri de caractere,C
414,Structurile și uniunile nu pot fi comparate direct folosind operatorii == sau !=.,Ce au în comun structurile și uniunile?,Ambele sunt tipuri de date primare,Ambele se stochează în același spațiu de memorie,Ambele nu pot fi comparate cu operatorii == sau !=,Ambele permit compararea directă,C
415,"Operatorii . și -> sunt folosiți atât pentru structuri, cât și pentru uniuni.",Ce operatori se folosesc pentru accesarea membrilor unei uniuni?,Operatorii . și ->,Doar operatorul ->,Doar operatorul .,Operatorul &,A
416,"Tipul de date derivat 'struct' permite definirea de colecții de variabile eterogene, în timp ce 'union' permite stocarea mai multor tipuri în aceeași zonă de memorie.",Care este diferența principală dintre structuri și uniuni?,Structurile sunt întotdeauna statice,"Uniunile pot fi comparate direct, structurile nu","Structurile pot conține pointeri, uniunile nu","Structurile alocă memorie pentru fiecare membru, uniunile partajează aceeași zonă de memorie",D
417,"Tipurile de date definite de utilizator, precum struct, union și enum, extind limbajul C.","Cum sunt considerate structurile, uniunile și enumerările în C?",Tipuri de date definite de utilizator,Funcții predefinite,Directive ale preprocesorului,Tipuri de date primitive,A
418,"Un membru pointer într-o structură poate fi folosit pentru a crea legături între elemente, cum ar fi într-o listă înlănțuită.",Ce rol poate avea un pointer în interiorul unei structuri?,Determină dimensiunea structurii,Asigură compararea structurii,Înlocuiește operatorii de acces,"Permite legături între structuri, creând structuri dinamice",D
419,Operatorul sizeof poate fi folosit pentru a determina amprenta de memorie a unei structuri.,Cum se poate determina dimensiunea unei structuri?,Cu operatorul sizeof,Prin calcul manual al membrilor,Cu operatorul &,Folosind funcția strlen(),A
420,Enumerările pot fi folosite pentru a face codul mai lizibil și ușor de întreținut.,Care este principalul avantaj al utilizării enumerărilor?,Reduc consumul de memorie,Optimizează timpii de execuție,Îmbunătățesc lizibilitatea și întreținerea codului,Permit acces direct la adrese de memorie,C
421,"Limbajul C oferă facilități I/O prin librăria standard, care include funcții pentru citirea și scrierea datelor.",Prin ce se realizează operațiile de intrare-ieșire în C?,Prin sistemul de operare,Prin compilator,Prin fișierele antet math.h,Prin librăria standard de I/O,D
422,Fișierul antet <stdio.h> conține prototipurile funcțiilor pentru manipularea fluxurilor de date.,Ce conține fișierul antet <stdio.h>?,Funcții de alocare dinamică a memoriei,Prototipurile funcțiilor pentru lucrul cu stream-uri I/O,Instrucțiuni de preprocesare,Definițiile structurilor matematice,B
423,Un flux (stream) de date poate fi o sursă de intrare sau o destinație de ieșire.,Ce reprezintă un flux (stream) în C?,Un fișier binar,Un șir de caractere,O sursă sau o destinație de date pentru intrare/ieșire,Un buffer de memorie,C
424,"Fișierele permit stocarea permanentă a datelor, spre deosebire de variabilele temporare.",De ce sunt necesare fișierele în programare?,Pentru testarea codului sursă,Pentru stocarea permanentă a datelor,Pentru a permite calcul paralel,Pentru accelerarea procesorului,B
425,"Constanta simbolică EOF (end of file) este definită în <stdio.h> și are, de obicei, valoarea -1.","Ce valoare are, de regulă, constanta EOF?",-1,1,0,,A
426,"La pornirea oricărui program C sunt deschise trei fluxuri standard: stdin, stdout și stderr.",Care sunt cele trei fluxuri standard în C?,"read, write, log","stdin, stdout, stderr","file_in, file_out, console","in, out, error",B
427,Structura FILE este definită în <stdio.h> și conține informații necesare gestionării fișierelor.,Ce tip de structură este FILE?,O structură care gestionează stream-urile de fișiere,O structură de date pentru stocarea șirurilor,Un tip primitiv al limbajului C,O structură pentru conversia tipurilor de date,A
428,Funcția fopen() deschide un fișier și returnează un pointer la FILE.,Ce returnează funcția fopen()?,Dimensiunea fișierului,Un întreg ce reprezintă codul fișierului,Un pointer la structura FILE,Un șir de caractere,C
429,"Dacă funcția fopen() eșuează, valoarea returnată este NULL.",Ce valoare returnează fopen() dacă nu reușește să deschidă fișierul?,,EOF,-1,0,A
430,Modul 'r' este folosit pentru deschiderea fișierului în mod citire.,Ce înseamnă modul 'r' în fopen()?,Deschidere în mod binar,Deschidere pentru citire,Deschidere pentru scriere,Deschidere pentru adăugare,B
431,"Modul 'w' din fopen() deschide fișierul pentru scriere, ștergând conținutul existent.",Ce efect are deschiderea unui fișier în modul 'w'?,Conținutul existent este șters și fișierul este rescris,Fișierul este blocat pentru alte procese,Fișierul este deschis doar pentru citire,Datele sunt adăugate la final,A
432,Funcția fclose() închide un fișier deschis anterior.,Ce face funcția fclose()?,Șterge fișierul de pe disc,Închide fișierul și eliberează resursele asociate,Redenumește fișierul,Returnează dimensiunea fișierului,B
433,Funcția fclose() returnează 0 la succes și EOF în caz de eroare.,Ce valoare returnează fclose() dacă închiderea fișierului eșuează?,-2,1,EOF,0,C
434,"Funcția remove() șterge un fișier, iar rename() îi poate schimba numele.",Ce fac funcțiile remove() și rename()?,Copiază conținutul unui fișier,Șterg și redenumesc fișiere,Convertesc fișiere binare în text,Deschid și închid fișiere,B
435,"Fișierele pot fi deschise și pentru acces binar folosind moduri precum 'rb', 'wb', 'ab'.",Ce înseamnă modul 'rb' în fopen()?,Deschidere fișier text pentru scriere,Deschidere fișier binar pentru citire,Deschidere fișier binar pentru adăugare,Deschidere fișier binar pentru scriere,B
436,"Funcția tmpfile() creează automat un fișier temporar, deschis în mod 'wb+'.",Ce tip de fișier creează funcția tmpfile()?,Un fișier temporar binar,Un fișier read-only,Un fișier text permanent,Un fișier de configurare,A
437,"Funcția fflush() curăță bufferul unui fișier, forțând scrierea datelor în memoria secundară.",Ce rol are funcția fflush()?,Închide fișierul curent,Șterge fișierul din sistem,Creează un fișier temporar,Curăță bufferul și scrie datele în fișier,D
438,Funcțiile printf() și fprintf() scriu date formatate către un stream de ieșire.,Ce funcție scrie date formatate într-un fișier specific?,fputs(),fprintf(),printf(),putchar(),B
439,Funcțiile scanf() și fscanf() citesc date formatate din stream-uri de intrare.,Ce face funcția fscanf()?,Convertește valori numerice în text,Citește date formatate dintr-un fișier,Scrie caractere într-un fișier,Afișează date formatate în consolă,B
440,Funcția getchar() citește un caracter de la tastatură.,Ce face funcția getchar()?,Returnează codul ASCII al unui șir,Citește un caracter de la intrarea standard,Citește o linie întreagă,Scrie un caracter în fișier,B
441,Funcția putchar() scrie un caracter în fluxul standard de ieșire (stdout).,Ce face funcția putchar()?,Scrie un caracter în stdout,Afișează o linie de text completă,Returnează EOF,Citește caractere din fișier,A
442,Funcția fgets() citește o linie de text dintr-un fișier și salvează caracterul newline în șir.,Care este diferența principală între fgets() și gets()?,gets() este mai sigură decât fgets(),gets() poate citi fișiere binare,fgets() funcționează doar cu stdin,"fgets() include newline, gets() nu îl include",D
443,Funcțiile fread() și fwrite() sunt utilizate pentru citirea și scrierea blocurilor mari de date binare.,Ce tip de fișiere se manipulează cel mai frecvent cu fread() și fwrite()?,Fișiere text,Fișiere binare,Fișiere de configurare,Fișiere de cod sursă,B
444,Funcția fseek() permite poziționarea indicatorului de fișier la o anumită locație.,Ce face funcția fseek()?,Deplasează indicatorul de fișier într-o poziție specificată,Resetează indicatorul de fișier la început,Returnează dimensiunea fișierului,Verifică starea de eroare,A
445,"Funcția ftell() returnează poziția curentă a indicatorului de fișier, exprimată în octeți.",Ce valoare returnează ftell()?,Numărul de linii citite,"Poziția curentă în fișier, în octeți",Poziția ultimului caracter citit,Dimensiunea totală a fișierului,B
446,Funcția rewind() setează indicatorul de fișier la început și resetează erorile.,Ce face funcția rewind()?,Setează indicatorul la începutul fișierului și resetează erorile,Mută indicatorul la mijlocul fișierului,Setează indicatorul de fișier la sfârșit,Șterge conținutul fișierului,A
447,Funcțiile feof() și ferror() verifică dacă un fișier a ajuns la sfârșit sau a întâmpinat o eroare.,Ce face funcția feof()?,Resetează indicatorul de eroare,Eliberează memoria alocată fișierului,Verifică dacă s-a ajuns la sfârșitul fișierului,Șterge conținutul fișierului,C
448,Funcțiile sprintf() și sscanf() permit conversia datelor între formate text și variabile.,Ce face funcția sprintf()?,Citește date formatate din fișier,Afișează datele pe ecran,Scrie date formatate într-un fișier,Scrie date formatate într-un șir de caractere,D
449,Funcția setvbuf() permite programatorului să configureze modul de buffering al fișierelor.,Ce permite funcția setvbuf()?,Resetează fișierul la poziția inițială,Alocă memorie pentru bufferul global,Redenumește bufferul de memorie,Setează modul de buffering pentru un stream,D
450,"Funcțiile remove() și rename() operează pe numele fișierului, nu pe pointerul FILE.",Pe ce operează funcțiile remove() și rename()?,Pe descriptorul de fișier,Pe adresa bufferului,Pe fluxul standard stdin,Pe numele fișierului,D
451,"Alocarea dinamică a memoriei permite programatorului să decidă dimensiunea memoriei la rularea programului, nu la compilare.",Ce permite alocarea dinamică a memoriei?,Crearea automată a variabilelor globale,Accesul simultan la mai multe fișiere,Modificarea codului sursă în timpul execuției,Determinarea dimensiunii memoriei la rulare,D
452,Funcțiile de alocare dinamică sunt definite în librăria standard <stdlib.h>.,"În ce fișier antet sunt definite funcțiile malloc(), calloc(), realloc() și free()?",<string.h>,<stdio.h>,<stdlib.h>,<memory.h>,C
453,"Funcția malloc() alocă un bloc de memorie, dar nu îl inițializează.",Ce face funcția malloc()?,Eliberează un bloc de memorie,Alocă și inițializează memoria la 0,Alocă memorie neinițializată,Redimensionează un bloc de memorie,C
454,Funcția malloc() returnează un pointer generic (void *) la blocul alocat sau NULL în caz de eșec.,Ce returnează funcția malloc() la eșec?,0,EOF,,-1,C
455,Funcția calloc() alocă un bloc de memorie și îl inițializează cu zero.,Care este diferența principală dintre malloc() și calloc()?,malloc() eliberează memoria după utilizare,"calloc() alocă memorie pe stivă, malloc() pe heap","calloc() inițializează memoria la zero, malloc() nu",calloc() returnează întotdeauna NULL,C
456,Funcția realloc() modifică dimensiunea unui bloc de memorie alocat anterior.,Ce face funcția realloc()?,Curăță toate blocurile de memorie,Alocă un bloc nou de memorie fără a copia datele,Redimensionează un bloc de memorie existent,Eliberează memoria alocată,C
457,"Dacă primul parametru al funcției realloc() este NULL, aceasta se comportă ca malloc().",Cum se comportă realloc() dacă primul parametru este NULL?,Se comportă ca malloc(),Returnează un pointer gol,Aruncă o eroare de execuție,Eliberează memoria alocată,A
458,"Dacă dimensiunea specificată în realloc() este 0, funcția eliberează blocul de memorie indicat.","Ce efect are apelul realloc(ptr, 0)?",Inițializează blocul cu valori aleatorii,Eliberează memoria referențiată de ptr,Extinde memoria,Ignoră cererea de redimensionare,B
459,Funcția free() eliberează un bloc de memorie alocat dinamic.,Ce face funcția free()?,Verifică validitatea unui pointer,Eliberează un bloc de memorie care nu mai este necesar,Alocă un bloc nou de memorie,Copiază conținutul unei zone de memorie,B
460,"După apelul free(), pointerul nu este modificat automat și poate deveni un pointer agățat.",Ce problemă apare dacă pointerul nu este setat la NULL după free()?,Pointerul este eliberat automat,Compilatorul îl invalidează,Pointerul devine agățat și accesul la el poate cauza erori,Blocul este realocat automat,C
461,Heap-ul este segmentul de memorie folosit pentru alocarea dinamică.,Ce zonă de memorie este folosită pentru alocarea dinamică?,Stack,Heap,Segmentul de cod,Zona de date statice,B
462,"O scurgere de memorie (memory leak) apare când un bloc alocat nu mai este accesibil, dar nu a fost eliberat.",Ce este o scurgere de memorie?,Depășirea bufferului de intrare,Accesul în afara limitelor unui tablou,Neeliberarea memoriei alocate care nu mai este accesibilă,Eliberarea multiplă a aceluiași bloc,C
463,"Limbajul C nu are un mecanism automat de gestionare a memoriei, precum un garbage collector.",Cum gestionează limbajul C garbage-ul de memorie?,"Manual, prin apelarea free() de către programator","Automat, cu un garbage collector",Prin funcția realloc(),"Implicit, la terminarea programului",A
464,Pointerii agățați sunt pointeri care referă zone de memorie eliberate deja.,Ce este un pointer agățat?,"Un pointer care a fost declarat, dar neinițializat",Un pointer constant,Un pointer care indică spre o zonă eliberată deja,Un pointer către o zonă validă de memorie,C
465,"Pentru a evita pointerii agățați, se recomandă setarea pointerului la NULL după apelul free().",Cum se poate evita apariția pointerilor agățați?,Prin setarea pointerului la NULL după free(),Prin apelarea realloc() imediat după free(),Prin folosirea calloc() în loc de malloc(),Prin utilizarea unui alt pointer global,A
466,Funcția calloc() alocă spațiu pentru un tablou de elemente de dimensiune fixă și le inițializează cu 0.,"Ce face funcția calloc(n, sizeof(int))?",Alocă memorie neinițializată pentru n întregi,Eliberează memoria ocupată de n elemente,Alocă și inițializează cu zero un tablou de n întregi,Redimensionează un tablou existent,C
467,Funcția realloc() poate muta blocul de memorie într-o altă zonă și copia conținutul original acolo.,Ce face realloc() dacă nu poate extinde blocul de memorie în poziția curentă?,Eliberează memoria,Alocă un bloc nou și copiază datele vechi,Ignoră cererea de extindere,Returnează același pointer,B
468,Blocurile de memorie alocate dinamic trebuie eliberate după ce nu mai sunt necesare.,Ce se întâmplă dacă nu se eliberează memoria alocată dinamic?,Se optimizează automat de compilator,Apare o scurgere de memorie (memory leak),Programul rulează mai rapid,Blocurile sunt eliberate implicit,B
469,Un program care folosește intensiv malloc() și free() poate epuiza segmentul heap dacă nu gestionează corect resursele.,Ce risc apare în cazul utilizării incorecte a malloc() și free()?,Epuizarea memoriei heap,Depășirea stivei de apeluri,Resetarea automată a pointerilor,Eroare de compilare,A
470,Listele înlănțuite sunt o aplicație directă a alocării dinamice a memoriei.,Ce structură de date se bazează pe alocarea dinamică a memoriei?,Enumerările,Structurile globale,Tablourile statice,Listele înlănțuite,D
471,Fiecare nod al unei liste înlănțuite conține datele utile și un pointer către următorul nod.,Ce conține un nod într-o listă înlănțuită?,Doar pointerul către următorul nod,Valoarea și pointerul către următorul nod,Adresa primului nod,Doar valoarea stocată,B
472,Ultimul nod dintr-o listă înlănțuită conține un pointer NULL.,Ce valoare are pointerul next în ultimul nod al unei liste?,Adresa primului nod,Valoarea ultimului element,0xFFFF,,D
473,"Pentru a adăuga un nod la începutul unei liste, pointerul către primul element este actualizat pentru a indica noul nod.",Cum se inserează un nod la începutul unei liste înlănțuite?,Prin folosirea funcției realloc(),Prin actualizarea pointerului 'first' către noul nod,Prin inserarea după ultimul nod,Prin ștergerea primului nod,B
474,Operatorul săgeată (->) permite accesul la membrii unei structuri prin intermediul unui pointer.,Ce operator se folosește pentru accesarea membrilor unei structuri prin pointer?,.,&,*,->,D
475,"Pentru ștergerea unui nod dintr-o listă, se modifică legăturile și se eliberează memoria nodului șters.",Ce pași implică ștergerea unui nod dintr-o listă înlănțuită?,Localizarea nodului și apelul funcției free() asupra lui,Adăugarea unui nod gol la sfârșitul listei,Conversia nodului în variabilă statică,Reordonarea tuturor pointerilor din listă,A
476,Căutarea unui element într-o listă presupune parcurgerea secvențială a nodurilor până la găsirea valorii dorite.,Cum se caută un element într-o listă înlănțuită?,Prin acces aleator al nodurilor,Prin parcurgere secvențială de la primul la ultimul nod,Prin indexare directă,Prin comparare binară,B
477,"Lista înlănțuită oferă flexibilitate în inserarea și ștergerea elementelor, dar accesul este mai lent decât la un tablou.",Care este dezavantajul principal al listelor înlănțuite comparativ cu tablourile?,Nu pot fi parcurse secvențial,Accesul la elemente este mai lent,Necesită conversie la tip pointer,Necesită memorie statică,B
478,Un pointer care indică către primul nod al listei este folosit pentru a controla accesul la elementele listei.,Ce rol are pointerul 'first' într-o listă înlănțuită?,Indică spre ultimul nod,Eliberează memoria automată,Indică spre primul nod al listei,Stochează dimensiunea listei,C
479,"Pentru crearea unui nod nou, se alocă memorie cu malloc() și se inițializează câmpurile structurii.",Cum se creează un nod nou într-o listă înlănțuită?,Prin conversia unui pointer la tip struct,Prin folosirea operatorului sizeof direct,Prin alocarea memoriei cu malloc() și setarea valorilor,Prin apelul calloc() fără inițializare,C
480,Un nod se adaugă la începutul listei actualizând pointerul 'next' al noului nod către vechiul prim nod.,Ce face instrucțiunea new_node->next = first într-o listă?,Conectează noul nod la începutul listei,Șterge primul nod,Creează o copie a listei,Eliberează memoria pentru primul nod,A
481,"O problemă de calcul bine definită este un triplet P = ⟨I, O, R⟩, unde I este mulțimea de intrări, O mulțimea de ieșiri, iar R relația dintre ele.",Cum este definită formal o problemă de calcul?,"Printr-un triplet ⟨I, O, R⟩ care descrie intrările, ieșirile și relația dintre ele",Printr-o funcție care mapează intrările în ieșiri,Prin testarea mai multor cazuri de intrare,Prin specificarea algoritmului care o rezolvă,A
482,O postcondiție reprezintă o condiție care trebuie să fie adevărată după executarea unui algoritm.,Ce reprezintă o postcondiție?,O condiție inițială pentru intrările algoritmului,O condiție care trebuie îndeplinită după execuția algoritmului,O variabilă auxiliară folosită în buclă,O instrucțiune de control,B
483,"Donald Knuth definește cinci caracteristici fundamentale ale unui algoritm: intrare, ieșire, finitudine, precizie și eficacitate.",Care dintre următoarele NU este o caracteristică esențială a unui algoritm conform lui Donald Knuth?,Precizie,Finitudine,Eficiență energetică,Eficacitate,C
484,Un algoritm este o procedură de calcul bine definită care oferă o soluție pentru o problemă dată.,Ce este un algoritm?,O funcție care generează numere aleatoare,O instrucțiune de control într-un limbaj de programare,O formulă matematică fără implementare,O procedură de calcul bine definită pentru rezolvarea unei probleme,D
485,Invariantul de buclă descrie o proprietate care rămâne adevărată la începutul fiecărei iterații a unei bucle.,Ce reprezintă un invariant de buclă?,O condiție care determină terminarea buclei,O expresie aritmetică constantă,O proprietate care rămâne adevărată pe parcursul execuției buclei,O variabilă globală folosită în mai multe funcții,C
486,Corectitudinea unui algoritm înseamnă că acesta se termină pentru toate intrările posibile și produce o ieșire corectă.,Ce condiții trebuie să îndeplinească un algoritm pentru a fi corect?,Să se termine și să producă ieșirea corectă pentru toate intrările posibile,Să aibă o singură instrucțiune de ieșire,Să ruleze rapid indiferent de date,Să folosească cât mai puțină memorie,A
487,Analiza algoritmilor estimează timpul și memoria necesare pentru executarea acestora.,Ce urmărește analiza algoritmilor?,Detectarea erorilor de sintaxă,Verificarea corectitudinii teoretice,Estimarea resurselor necesare: timp și memorie,Reducerea numărului de linii de cod,C
488,Modelul RAM (Random-Access Machine) este un model abstract folosit pentru analiza algoritmilor.,Ce presupune modelul RAM folosit în analiza algoritmilor?,Compilarea în timp real a instrucțiunilor,Alocarea dinamică a resurselor hardware,Un procesor cu acces secvențial și memorie uniform accesibilă,Execuția paralelă a mai multor instrucțiuni,C
489,"Analiza algoritmilor se face adesea pentru trei cazuri: cel mai defavorabil, cel mai favorabil și cazul mediu.",Ce caz este cel mai utilizat în analiza algoritmilor?,Cazul aleator,Cazul mediu,Cazul cel mai favorabil,Cazul cel mai defavorabil,D
490,Sortarea prin inserție are complexitatea Θ(n²) în cazul cel mai defavorabil.,Care este complexitatea temporală a sortării prin inserție în cel mai defavorabil caz?,Θ(n),Θ(log n),Θ(n²),Θ(n log n),C
491,"Sortarea prin interclasare aplică metoda divide et impera, împărțind vectorul în două subsecvențe.",Ce metodă de proiectare a algoritmilor folosește sortarea prin interclasare?,Backtracking,Programare dinamică,Divide et impera,Greedy,C
492,Timpul de execuție al sortării prin interclasare este Θ(n log n).,Care este complexitatea sortării prin interclasare?,Θ(log n),Θ(n log n),Θ(n²),Θ(n),B
493,Notarea O mare (Big-O) descrie limita superioară a timpului de execuție al unui algoritm.,Ce reprezintă notația O mare?,Limita superioară asimptotică a execuției,Numărul de pași efectuați la rulare,Limita inferioară a execuției,Numărul de instrucțiuni al algoritmului,A
494,Notația Ω (Omega) oferă limita inferioară a creșterii timpului de execuție.,Ce indică notația Ω(𝑛)?,Timpul mediu de execuție,Rezultatul unui algoritm optimizat,Complexitatea spațială,Limita inferioară a creșterii timpului de execuție,D
495,Notația Θ descrie limitele superioară și inferioară atunci când funcțiile sunt de același ordin de creștere.,Ce reprezintă notația Θ?,O limită inferioară a creșterii funcției,Un timp de execuție mediu,O estimare aproximativă a complexității,"O limită strânsă – atât superioară, cât și inferioară",D
496,Divide et impera implică împărțirea unei probleme în subprobleme mai mici și combinarea rezultatelor.,Care sunt pașii principali ai metodei divide et impera?,"Analiză, compilație, execuție","Caută, sortează, compară","Divide, rezolvă, combină","Inițializează, iterează, finalizează",C
497,Complexitatea timpului de execuție se exprimă adesea în funcție de dimensiunea intrării n.,Ce reprezintă de obicei n într-o analiză de complexitate?,Numărul de iterații,Dimensiunea datelor de intrare,Numărul de funcții apelate,Numărul de linii de cod,B
498,"Recursivitatea este procesul prin care o funcție se apelează pe ea însăși, direct sau indirect.",Ce este recursivitatea?,Un algoritm de căutare,Apelul unei funcții care se referă la ea însăși,Optimizarea codului prin compilator,Repetarea unei bucle până la o condiție de oprire,B
499,O definiție recursivă corectă trebuie să conțină o regulă de oprire și una recursivă.,Ce condiții trebuie să îndeplinească o definiție recursivă?,Să se refere doar la alte funcții non-recursive,Să aibă o singură expresie matematică,Să includă o regulă de oprire și o regulă recursivă,Să returneze mereu o valoare constantă,C
500,Complexitatea sortării prin interclasare este Θ(n log n) pentru toate cazurile posibile.,Ce tip de complexitate are sortarea prin interclasare?,Liniară,Exponențială,Logaritmică,n log n,D
501,Un limbaj de programare este un ansamblu de simboluri și reguli sintactice folosit pentru a descrie algoritmi și programe.,Ce reprezintă un limbaj de programare?,Un tip de sistem de operare,Un set de reguli pentru descrierea algoritmilor și programelor,O interfață grafică pentru utilizatori,Un compilator automat,B
502,Limbajele de programare de nivel înalt sunt mai apropiate de limbajul natural al omului.,Cum se diferențiază limbajele de nivel înalt față de cele de nivel scăzut?,Sunt mai apropiate de limbajul natural și independente de arhitectură,Folosesc doar instrucțiuni binare,Sunt interpretate direct de procesor,Sunt mai greu de înțeles de către oameni,A
503,Compilatorul transformă codul sursă scris într-un limbaj de nivel înalt în cod mașină executabil.,Care este rolul compilatorului?,Optimizează doar structurile de date,Rulează direct codul linie cu linie,Stochează variabilele în memorie,Traduce codul sursă în cod mașină executabil,D
504,"Un interpret (interpreter) execută codul sursă linie cu linie, fără a genera un fișier executabil separat.",Cum se diferențiază un interpret de un compilator?,"Interpretul execută codul linie cu linie, fără generarea unui executabil",Compilatorul este folosit doar pentru limbaje dinamice,Compilatorul rulează mai lent decât interpretul,Interpretul traduce codul înainte de rulare,A
505,"Limbajul C este un limbaj compilat, procedural, de nivel intermediar, utilizat pe scară largă în dezvoltarea sistemelor.",Cum este caracterizat limbajul C?,"Este un limbaj compilat, procedural, de nivel intermediar",Este un limbaj exclusiv pentru baze de date,Este un limbaj interpretat orientat pe obiecte,Este un limbaj declarativ de nivel înalt,A
506,"Python este un limbaj de programare interpretat, multiparadigmă, ușor de citit și scris.",Ce tip de limbaj este Python?,Un limbaj de asamblare,"Interpretat, multiparadigmă, cu sintaxă clară","Compilat, orientat pe obiecte",Exclusiv pentru programare web,B
507,Paradigmele de programare descriu stilul și structura logică a unui program.,Ce sunt paradigmele de programare?,Librării de funcții reutilizabile,Seturi de reguli de compilare,Formate de stocare pentru variabile,Modele de gândire și stiluri de rezolvare a problemelor în programare,D
508,Programarea procedurală se bazează pe concepte de funcții și apeluri secvențiale.,Care este caracteristica principală a programării procedurale?,Utilizarea expresiilor logice declarative,Crearea de clase și obiecte,Manipularea datelor prin evenimente,Organizarea codului în funcții și proceduri,D
509,Programarea orientată pe obiecte (OOP) organizează codul în clase care conțin date și metode.,Care sunt elementele de bază ale programării orientate pe obiecte?,Instrucțiuni de intrare și ieșire,"Clase, obiecte, moștenire și încapsulare",Structuri și funcții globale,Variabile și constante,B
510,"Python permite atât programarea procedurală, cât și orientată pe obiecte, datorită flexibilității sale.",Ce paradigme de programare suportă Python?,Doar procedurală,Doar logică și declarativă,"Procedurală, orientată pe obiecte și funcțională",Doar orientată pe obiecte,C
511,Paradigma de programare reprezintă o metodă de conceptualizare a modului de execuție al calculelor într-un calculator.,Ce este o paradigmă de programare?,Un tip de compilator pentru limbaje de nivel înalt,Un set de reguli pentru sintaxa limbajelor de programare,O bibliotecă de funcții matematice,O metodă de conceptualizare a modului de execuție și organizare a calculelor,D
512,Un limbaj de programare oferă suport pentru o paradigmă dacă pune la dispoziție facilități convenabile pentru utilizarea acesteia.,Ce condiție trebuie să îndeplinească un limbaj pentru a suporta o paradigmă de programare?,Să permită compilarea multiplatformă,Să ofere facilități care o fac convenabilă de utilizat în acel stil,Să aibă o interfață grafică proprie,Să suporte doar un singur tip de date,B
513,Programarea procedurală este una dintre cele mai vechi paradigme și implică descompunerea unei probleme în subprobleme.,Care este principiul de bază al programării procedurale?,Utilizarea interfețelor grafice pentru modularitate,Reprezentarea datelor prin obiecte,Folosirea claselor și moștenirii,Împărțirea problemei în subprobleme și implementarea acestora prin funcții,D
514,"Programarea modulară permite împărțirea unui program în module independente, fiecare conținând date și funcții specifice.",Ce avantaj oferă programarea modulară?,Crește viteza de compilare,Reduce numărul de variabile globale,Elimină nevoia de funcții și proceduri,Permite împărțirea clară a programului în componente independente,D
515,"În C, partea de interfață a unui modul este specificată într-un fișier header (.h).",Unde se declară interfața unui modul în limbajul C?,În fișierul header .h,În funcția main(),În fișierul sursă .c,În fișierul makefile,A
516,Încapsularea datelor constă în ascunderea datelor interne ale unui modul și accesarea lor doar prin funcții specifice.,Ce reprezintă încapsularea datelor?,Crearea mai multor copii ale acelorași date,Ascunderea datelor interne și accesarea lor doar prin metode dedicate,Expunerea tuturor variabilelor globale,Salvarea datelor într-un fișier extern,B
517,"Abstractizarea datelor permite definirea de tipuri de date utilizator, împreună cu operațiile aferente.",Ce presupune abstractizarea datelor?,Crearea de module fără interfață publică,"Definirea de tipuri de date proprii, cu operații specifice",Separarea completă a funcțiilor de date,Accesarea directă a memoriei fizice,B
518,Un tip de date abstract este definit printr-o mulțime de operații și axiome ce descriu comportamentul său.,Cum este definit un tip de date abstract?,Prin operațiile și proprietățile asociate tipului,Prin funcțiile de input/output utilizate,Prin numărul de instanțe posibile,Prin tipul de memorie alocat,A
519,"O clasă în C++ este o extensie a noțiunii de structură din C, care poate conține atât date, cât și funcții.",Ce element nou adaugă clasele față de structurile din C?,Funcțiile recursiv definite,Declararea variabilelor statice,Moștenirea și funcțiile membre,Tipurile de pointeri,C
520,Supraîncărcarea operatorilor permite redefinirea comportamentului acestora pentru tipurile definite de utilizator.,Ce reprezintă supraîncărcarea operatorilor?,Utilizarea multiplă a acelorași variabile globale,Crearea de constructori suplimentari,Executarea paralelă a funcțiilor membre,Definirea unui comportament nou pentru operatori în funcție de tip,D
521,Parametrizarea tipurilor permite definirea de clase generice care pot lucra cu diferite tipuri de date.,Ce permite parametrizarea tipurilor în C++?,Executarea codului în paralel,Eliminarea nevoii de funcții șablon,Crearea de tipuri abstracte fără metode,Definirea de clase care pot lucra cu tipuri variabile de date,D
522,O clasă generică în C++ se definește folosind șabloane (template).,Cum se definesc clasele generice în C++?,Prin moștenire multiplă,Prin cuvântul cheie 'virtual',Prin mecanismul 'template',Prin directivele preprocesorului,C
523,O clasă definește proprietățile și comportamentele comune ale unei mulțimi de obiecte.,Ce descrie o clasă în programarea orientată pe obiecte?,O structură de control pentru bucle,Starea unui obiect singular,O funcție care procesează date,Proprietățile și comportamentele comune obiectelor sale,D
524,"Instanțele unei clase se numesc obiecte, fiecare având propria stare și comportament.",Ce este un obiect într-o aplicație orientată pe obiecte?,"O instanță a unei clase, cu stare și comportament proprii",Un modul de compilare,Un tip de date primitiv,O funcție globală,A
525,O metodă reprezintă o funcție membră a unei clase care definește comportamentul obiectelor acelei clase.,Ce reprezintă o metodă în cadrul unei clase?,O relație între clase,O funcție membră care descrie comportamentul obiectelor,O funcție globală,Un atribut constant,B
526,Moștenirea permite unei clase să preia atributele și metodele altei clase.,Ce este moștenirea în OOP?,Preluarea atributelor și metodelor unei clase părinte de către o clasă derivată,Un mecanism de copiere a datelor între obiecte,Un tip de relație între module independente,O metodă de abstractizare a datelor,A
527,"Polimorfismul permite utilizarea acelorași metode pentru obiecte diferite, în funcție de tipul lor concret.",Ce este polimorfismul în programarea orientată pe obiecte?,Moștenirea multiplă a atributelor,Posibilitatea apelării aceleiași metode pentru obiecte de tipuri diferite,Executarea simultană a mai multor funcții,Crearea mai multor clase cu același nume,B
528,Funcțiile virtuale permit implementarea polimorfismului prin alegerea metodei corecte la execuție.,Ce rol au funcțiile virtuale în C++?,Optimizează memoria pentru clasele derivate,Determină valoarea constantelor statice,Crează o instanță implicită a clasei de bază,Permit selecția metodei corecte în funcție de tipul obiectului la execuție,D
529,Funcțiile virtuale pure sunt declarate în clasele abstracte și nu au implementare directă.,Ce caracterizează o funcție virtuală pură?,Se execută automat la crearea unui obiect,Este statică și globală,Nu are implementare și face clasa abstractă,Are implementare în toate clasele derivate,C
530,O clasă abstractă conține cel puțin o funcție virtuală pură.,Ce condiție definește o clasă abstractă în C++?,Să conțină cel puțin o funcție virtuală pură,Să nu aibă metode publice,Să nu aibă constructori,Să nu permită moștenirea,A
531,O relație de agregare descrie o legătură de tip întreg–parte între două clase.,Ce tip de relație UML descrie legătura întreg–parte între clase?,Agregare,Dependență,Realizare,Generalizare,A
532,"Relația de compunere este un caz particular al agregării, în care ciclul de viață al obiectelor componente depinde de cel al obiectului compus.",Cum se diferențiază compunerea de agregare?,Obiectele componente depind de ciclul de viață al obiectului compus,Compunerea descrie doar relații statice,Compunerea nu implică moștenire,Obiectele componente au ciclul de viață independent,A
533,O diagramă de caz de utilizare descrie comportamentul sistemului din perspectiva utilizatorului.,Ce descrie o diagramă de caz de utilizare (Use Case)?,Comportamentul sistemului din perspectiva utilizatorului extern,Interacțiunile dintre modulele interne ale sistemului,Relațiile dintre clasele UML,Structura de date a sistemului,A
534,Un actor într-o diagramă UML reprezintă o entitate externă care interacționează cu sistemul.,Ce reprezintă un actor în UML?,O clasă abstractă,O metodă membră a unei clase,O entitate externă care interacționează cu sistemul,Un atribut al unei clase,C
535,"Diagramele de clase descriu structura statică a sistemului, specificând atributele și metodele claselor.",Ce reprezintă o diagramă de clase UML?,O descriere a interfeței grafice,O descriere temporală a interacțiunilor,Execuția pas cu pas a unui algoritm,"Structura statică a sistemului, clasele și relațiile dintre ele",D
536,O relație de generalizare în UML descrie moștenirea între clase.,Ce relație UML este echivalentă cu moștenirea între clase?,Dependență,Compoziție,Generalizare,Agregare,C
537,"UML permite descrierea sistemelor software atât din perspectivă statică, cât și dinamică.",Ce aspecte ale unui sistem pot fi modelate cu UML?,Doar relațiile dintre clase,Exclusiv algoritmii interni,Doar structura statică,Structura statică și comportamentul dinamic,D
538,Diagramele de secvență UML arată ordinea temporală a mesajelor dintre obiecte.,Ce descriu diagramele de secvență UML?,Agregarea și compunerea obiectelor,Fluxul temporal al mesajelor între obiecte,Atributele claselor,Moștenirea claselor,B
539,Proiectarea orientată pe obiecte presupune identificarea componentelor aplicației și a responsabilităților acestora.,Care este scopul principal al proiectării orientate pe obiecte?,Îmbunătățirea interfeței grafice,Crearea unui cod mai scurt,Optimizarea resurselor hardware,Identificarea componentelor și a responsabilităților acestora în sistem,D
540,Metoda CRC (Component–Responsibility–Collaboration) asociază fiecărei componente o listă de responsabilități și colaboratori.,Ce reprezintă metoda CRC în analiza orientată pe obiecte?,O tehnică de testare automată a claselor,Un algoritm de sortare,O metodă de compilare multiplatformă,O metodă de descriere a claselor prin responsabilități și colaborări,D
541,"Limbajul C++ este un supraset al limbajului C și oferă suport atât pentru programarea procedurală, cât și pentru cea orientată pe obiecte.",Ce tip de limbaj este C++ în raport cu C?,O versiune simplificată a limbajului C,Un limbaj exclusiv interpretat,Un supraset al limbajului C,Un limbaj complet diferit,C
542,Tipul bool a fost introdus în C++ pentru a lucra cu valori logice.,Ce valori poate stoca tipul bool în C++?,true și false,0 și 1,Adevărat și fals,Da și nu,A
543,"Există o compatibilitate între tipurile întregi și tipul bool, deoarece compilatorul realizează conversii automate.",Ce se întâmplă când o valoare întreagă este atribuită unei variabile de tip bool?,"Valoarea este convertită automat: 0 → false, altfel → true",Se ignoră atribuirea,Se generează o eroare,Variabila bool devine nedefinită,A
544,Tipul wchar_t este o extensie a tipului char și permite reprezentarea caracterelor Unicode.,Câți octeți ocupă de regulă tipul wchar_t?,Depinde de sistemul de operare,2,4,1,B
545,"În C++, declarațiile locale pot fi făcute oriunde într-un bloc, nu doar la începutul acestuia.",Unde pot fi declarate variabile locale în C++?,"Oriunde într-un bloc, înainte de utilizare",Doar la începutul funcției,Numai în cadrul clasei principale,Doar în afara funcțiilor,A
546,Spațiul numelor (namespace) permite definirea de variabile și funcții care pot avea același nume în module diferite.,Ce avantaj oferă spațiul numelor în C++?,Permite moștenirea multiplă,Evită conflictele de nume între module diferite,Optimizează alocarea memoriei,Îmbunătățește viteza de compilare,B
547,Toate variabilele și funcțiile standard din C++ se află în spațiul numelor std.,Ce directive permite accesarea elementelor din namespace-ul std fără prefix?,#include <std>,using namespace std;,namespace std;,import std.*;,B
548,O referință este un nume alternativ pentru o variabilă existentă.,Cum se declară o referință în C++?,T variabila&;,T* variabila;,T& variabila = original;,ref T variabila;,C
549,O referință trebuie inițializată la momentul declarării și nu poate fi schimbată ulterior.,Ce condiție trebuie respectată la declararea unei referințe?,Să fie declarată global,Să aibă o valoare implicită,Să fie inițializată la declarare,Să fie statică,C
550,"Referințele se comportă similar cu pointerii, dar sunt dereferențiate automat.",Care este principala diferență între pointeri și referințe?,Pointerii sunt mai rapizi decât referințele,"Referințele pot fi nule, pointerii nu",Referințele pot fi modificate oricând,Referințele sunt dereferențiate automat și nu pot fi reinițializate,D
551,Funcțiile inline reduc timpul de execuție prin înlocuirea apelului cu codul efectiv al funcției.,Cum se declară o funcție inline în C++?,static return_type nume(parametri),inline return_type nume(parametri),register return_type nume(parametri),constexpr return_type nume(parametri),B
552,"Funcțiile inline sunt potrivite pentru funcții scurte, fără bucle complexe sau recursivitate.",Pentru ce tip de funcții se recomandă folosirea cuvântului cheie inline?,Funcții complexe și recursive,Funcții definite în fișiere header,Funcții scurte și frecvent apelate,Funcții membre virtuale,C
553,"Funcțiile pot avea parametri cu valori implicite, care sunt folosite dacă apelul nu furnizează un argument corespunzător.",Ce sunt valorile implicite ale parametrilor unei funcții?,Rezultatele funcției anterioare,Tipuri generice pentru funcție,"Parametri care pot lipsi la apel, având o valoare prestabilită",Variabile globale accesate automat,C
554,Parametrii impliciți trebuie declarați la sfârșitul listei de parametri ai funcției.,Unde pot fi declarați parametrii cu valori implicite într-o funcție?,În afara antetului funcției,La sfârșitul listei de parametri,La mijlocul listei de parametri,La începutul listei de parametri,B
555,Două funcții pot avea același nume dacă diferă prin tipul sau numărul parametrilor.,Ce este supraîncărcarea funcțiilor în C++?,Definirea aceleiași funcții în mai multe fișiere,Reutilizarea unei funcții din clasa de bază,"Existența mai multor funcții cu același nume, dar semnături diferite",Utilizarea funcțiilor din biblioteci externe,C
556,Tipul valorii returnate nu poate fi folosit singur pentru a distinge funcțiile supraîncărcate.,Prin ce pot fi diferențiate funcțiile supraîncărcate?,Prin tipul valorii returnate,Prin numărul și tipul parametrilor,Prin modul de compilare,Prin numele fișierului sursă,B
557,Operatorii new și delete gestionează alocarea și eliberarea memoriei în zona heap.,Ce zonă de memorie este folosită de operatorii new și delete?,Zona statică,Zona de cod,Stack,Heap,D
558,"Operatorul new alocă automat memorie și apelează constructorul clasei, dacă este cazul.",Ce acțiune efectuează operatorul new asupra unei clase?,Alocă memorie și apelează constructorul clasei,Apelează destructorul clasei,Doar alocă memorie fără inițializare,Ignoră tipul obiectului,A
559,Pentru dealocarea completă a unui tablou dinamic se folosește sintaxa delete[].,Cum se eliberează memoria alocată pentru un tablou cu operatorul new?,delete p;,free(p);,delete[] p;,dispose(p);,C
560,Operatorul delete oferă protecție în cazul dealocării unui pointer NULL.,Ce se întâmplă dacă delete este aplicat unui pointer NULL?,"Se ignoră instrucțiunea, fără efecte adverse",Memoria este realocată,Pointerul este șters definitiv din program,Se produce o eroare de execuție,A
561,Funcțiile template permit crearea de funcții generice care pot lucra cu tipuri diferite de date.,Ce reprezintă o funcție template?,O funcție care returnează un pointer generic,O funcție statică definită într-o clasă,O funcție care primește doar parametri întregi,O funcție generică ce poate opera cu mai multe tipuri de date,D
562,Sintaxa pentru definirea unei funcții template include expresia template <class T>.,Cum se declară o funcție template în C++?,generic <T> function(T param);,template T function(T param);,template <class T> return_type nume(T param);,class template <T>;,C
563,Funcțiile template sunt instanțiate automat de compilator pentru tipurile utilizate.,Cum este generat codul pentru o funcție template?,Numai pentru tipurile numerice,"Automat, de către compilator pentru fiecare tip folosit","Manual, de către programator",Numai dacă este apelată explicit,B
564,C++ oferă clasele istream și ostream pentru gestionarea operațiilor de intrare-ieșire.,Ce clase C++ sunt folosite pentru intrare și ieșire standard?,read și write,istream și ostream,in și out,stdio și stdlib,B
565,Obiectul cout este utilizat pentru afișarea datelor la dispozitivul standard de ieșire.,Ce obiect se folosește pentru afișarea datelor pe ecran în C++?,cout,printf,cin,cerr,A
566,Obiectul cin este folosit pentru citirea datelor de la tastatură.,Ce operator este supraîncărcat pentru citirea datelor în C++?,::,<<,>>,==,C
567,Obiectele cerr și clog sunt folosite pentru afișarea mesajelor de eroare.,Care este diferența dintre cerr și clog?,Nu există nicio diferență,"cerr este folosit pentru avertismente, clog pentru erori fatale","clog scrie în fișier, cerr doar pe ecran","cerr golește bufferul imediat, clog îl păstrează până la final",D
568,Operatorii << și >> pot fi concatenați pentru a realiza operații multiple de intrare și ieșire.,Ce proprietate au operatorii << și >> în C++?,Pot fi concatenați pentru a citi sau afișa mai multe valori,Sunt exclusivi pentru tipurile întregi,Pot fi folosiți doar o dată per instrucțiune,Funcționează doar cu fișiere binare,A
569,Cuvântul rezervat endl inserează un caracter de linie nouă ('\n') și golește bufferul de ieșire.,Ce efect are manipulantul endl?,Eliberează memoria alocată de cout,Inserează un caracter de linie nouă și golește bufferul,Închide fluxul de ieșire,Afișează un spațiu,B
570,Funcțiile get() și put() din clasele de fluxuri sunt utilizate pentru citirea și scrierea caracterelor.,Ce fac funcțiile get() și put() din istream și ostream?,Eliberează fluxul curent,Citesc și scriu caractere individuale în fluxuri,Scriu și citesc blocuri binare,Formatează automat valorile numerice,B
571,"O clasă în C++ este un tip de date complex definit de utilizator, care combină date și funcții ce operează asupra acestora.",Ce este o clasă în C++?,Un tip de date definit de utilizator care conține date și funcții asociate,O funcție care returnează tipuri complexe,Un tip de structură standard,Un tip de fișier sursă,A
572,"Sintaxa generală pentru declararea unei clase include antetul, specificatorul de acces și membrii clasei.",Care este sintaxa de bază pentru declararea unei clase în C++?,class NumeClasa { membri };,object NumeClasa = { membri };,struct NumeClasa(membri);,define NumeClasa(membri);,A
573,"Pentru clase, modificatorul de acces implicit este private, iar pentru structuri este public.",Care este modificatorul de acces implicit într-o clasă C++?,protected,private,static,public,B
574,"Modificatorii de acces determină vizibilitatea membrilor clasei: public, private și protected.",Ce face un modificator de acces în cadrul unei clase?,Controlează vizibilitatea membrilor clasei,Indică poziția variabilelor în memorie,Determină tipul de constructor,Optimizează viteza de execuție,A
575,"Membrii publici ai unei clase pot fi accesați din afara acesteia, spre deosebire de cei private sau protected.",Cine poate accesa membrii publici ai unei clase?,Doar clasele derivate,Orice parte a programului,Doar metodele interne,Doar funcțiile prietene,B
576,Funcțiile membre marcate ca inline sunt definite în interiorul clasei și expandate direct în codul apelant.,Ce înseamnă o funcție inline într-o clasă C++?,Este executată paralel,Este expandată direct în codul apelant pentru eficiență,Este apelată automat de compilator,Este compilată separat,B
577,O metodă constantă nu poate modifica starea obiectului curent.,Ce restricție are o metodă declarată cu const?,Nu poate returna valori,Nu poate apela alte metode,Nu poate modifica datele membre ale obiectului,Nu poate fi apelată din alte metode,C
578,Constructorul este o funcție specială care are același nume ca și clasa și se execută automat la crearea obiectului.,Ce este un constructor în C++?,O funcție apelată pentru distrugerea obiectelor,O funcție virtuală,Un operator de inițializare static,O funcție apelată automat la crearea obiectului,D
579,"Destructorul este o funcție specială apelată automat când un obiect este distrus, având numele clasei precedat de simbolul ~.",Cum este definit un destructor în C++?,~NumeClasa(),destroy NumeClasa(),free NumeClasa(),delete NumeClasa(),A
580,Operatorul de rezoluție a domeniului (::) este utilizat pentru a face referire la membrii unei clase din afara acesteia.,Ce face operatorul :: în C++?,Conectează două clase,Creează o copie a unui obiect,Defineste un namespace,Accesează membri ai unei clase din afara acesteia,D
581,Pointerul this este un parametru ascuns transmis tuturor metodelor non-statice și indică obiectul curent.,Ce reprezintă pointerul this?,Un pointer către obiectul curent al clasei,Un pointer către primul membru static,Un pointer către zona heap,O adresă de bază pentru alocări dinamice,A
582,Membrii statici ai unei clase sunt partajați de toate obiectele acelei clase.,Ce caracterizează membrii statici ai unei clase?,Se distrug automat la ieșirea din funcție,Sunt unici pentru întreaga clasă,Au o copie pentru fiecare obiect,Sunt alocați pe stivă,B
583,"Un membru static trebuie definit în afara clasei, utilizând operatorul de rezoluție a domeniului.",Cum se definește un membru static al unei clase?,define static x = 0;,int NumeClasa::x = 0;,static int x = 0;,init static x(0);,B
584,"O funcție statică poate accesa doar membrii statici ai clasei, deoarece nu primește pointerul this.",Ce limitare au funcțiile statice în C++?,Pot fi declarate doar private,Nu pot accesa membri non-statici,Nu pot fi apelate din afara clasei,Nu pot fi definite în clase,B
585,"Într-o clasă, membrii pot fi accesați din exterior folosind operatorul punct (.) pentru obiecte sau săgeată (->) pentru pointeri.",Cum se accesează membrii unei clase?,Cu operatorul ::,Cu operatorii . și -> în funcție de tipul de acces,Prin macrodefiniții,Prin funcțiile friend,B
586,Funcțiile membre pot fi declarate în interiorul clasei și implementate ulterior în afara ei.,Cum se definește o funcție membră în afara unei clase?,void NumeClasa::Functie() { ... },void Functie::NumeClasa() { ... },Functie NumeClasa() { ... },define Functie NumeClasa(),A
587,Constructorii pot avea parametri pentru a permite inițializarea membrilor clasei la crearea obiectului.,Ce tip de constructor permite inițializarea cu valori date?,Constructor implicit,Constructor virtual,Constructor parametrizat,Constructor de conversie,C
588,Destructorii nu pot avea parametri și nu pot fi suprasarcinați.,Ce restricție se aplică destructorilor în C++?,Pot returna doar tip void,Trebuie să fie publici,Pot fi doar virtuali,Nu pot avea parametri și nu pot fi supraîncărcați,D
589,Operatorul [] poate fi supraîncărcat pentru a permite accesul la elementele interne ale unei clase.,Ce operator permite accesul personalizat la elemente într-o clasă?,operator->,operator=,operator+,operator[],D
590,Operatorul this poate fi utilizat pentru a diferenția membrii clasei de parametrii locali cu același nume.,Cum ajută pointerul this în metodele unei clase?,Evită ambiguitatea între parametri și membri,Accelerează execuția codului,Gestionează memoria heap,Înlocuiește constructorii,A
591,Un membru static al unei clase există chiar dacă nu au fost create obiecte ale clasei respective.,Când este creat un membru static al unei clase?,Odată cu inițializarea programului,La apelul funcției main(),La instanțierea primului obiect,După apelul unui constructor,A
592,Un constructor poate fi apelat implicit atunci când nu sunt furnizate argumente.,Cum este apelat constructorul implicit al unei clase?,Prin funcția friend,Prin apelul destructorului,"Automat, fără argumente",Prin operatorul new,C
593,O funcție inline definită în interiorul unei clase este tratată implicit ca inline de compilator.,Cum tratează compilatorul o funcție definită în interiorul unei clase?,O tratează automat ca funcție inline,O marchează ca privată,O definește ca statică,O ignoră la compilare,A
594,Membrii const ai unei clase trebuie inițializați în lista de inițializare a constructorului.,Cum se inițializează membrii const ai unei clase?,Prin atribuire în corpul constructorului,Prin apelul destructorului,Prin funcții inline,În lista de inițializare a constructorului,D
595,"Funcțiile statice nu au acces la pointerul this, deoarece nu sunt asociate unui obiect specific.",De ce o funcție statică nu poate accesa this?,Pentru că este declarată protected,Pentru că nu este apelată printr-un obiect concret,Pentru că este constantă,Pentru că este globală în tot programul,B
596,"Cuvântul cheie static poate fi folosit și pentru metode, nu doar pentru variabile.",Ce semnificație are o metodă statică într-o clasă?,Este virtuală implicit,Este moștenită automat,Se execută doar o singură dată,Poate fi apelată fără a crea un obiect,D
597,"O clasă poate conține atât metode, cât și date statice care sunt comune tuturor instanțelor.",Care este utilitatea datelor statice într-o clasă?,Eliberează automat memoria la final,Optimizează timpul de execuție,Determină ordinea de distrugere a obiectelor,Permit stocarea unei valori comune pentru toate obiectele clasei,D
598,Funcțiile statice pot fi apelate folosind numele clasei urmat de operatorul de rezoluție a domeniului.,Cum se apelează o funcție statică a unei clase?,prin un obiect instanțiat,cu operatorul ->,prin numele clasei: NumeClasa::Functie(),nu pot fi apelate direct,C
599,Membrii statici pot fi folosiți pentru a număra câte obiecte au fost create dintr-o clasă.,Cum poate fi folosit un membru static într-o clasă?,Pentru a stoca valori temporare ale unui obiect,Pentru a aloca memorie dinamică,Pentru a partaja o valoare între toate obiectele,Pentru a elimina ambiguitățile între metode,C
600,"În exemplul clasei Experiment, membrii statici n și s sunt folosiți pentru a calcula media valorilor tuturor obiectelor.",Ce rol au variabilele statice n și s în clasa Experiment?,Sunt utilizate pentru alocarea de memorie,Memorează ultimele valori introduse,Controlează ordinea de execuție a funcțiilor,Rețin suma și numărul obiectelor create pentru calculul mediei,D
601,Constructorii și destructorii sunt funcții membre speciale care se ocupă cu inițializarea și distrugerea obiectelor.,Care este rolul principal al constructorilor și destructorilor?,Compilarea funcțiilor inline,Inițializarea și distrugerea controlată a obiectelor,Crearea de copii temporare ale funcțiilor,Executarea buclelor interne ale clasei,B
602,"Constructorul poartă același nume ca și clasa, iar destructorul este precedat de caracterul '~'.",Cum se diferențiază un destructor de un constructor în C++?,Are întotdeauna parametri implicați,"Are același nume ca și clasa, dar este precedat de '~'",Este definit ca funcție statică,Are un tip de retur void,B
603,"Dacă o clasă nu definește explicit un constructor sau destructor, compilatorul generează automat versiunile implicite.",Ce face compilatorul dacă o clasă nu definește un constructor?,Solicită o implementare dinamică,Semnalează o eroare de compilare,Elimină inițializarea variabilelor membre,Generează automat un constructor implicit,D
604,"Constructorii nu returnează nicio valoare, nici măcar de tip void.",Ce tip de valoare returnează un constructor în C++?,tipul clasei,int,void,niciun tip de valoare,D
605,Un constructor este apelat automat atunci când se creează un obiect.,Când este apelat constructorul unei clase?,După apelul destructorului,Când obiectul este declarat,La rularea funcției main,Doar la inițializarea statică,B
606,"În C++, obiectele pot fi create în zona statică, pe stivă sau dinamic cu operatorul new.",Ce operator se folosește pentru a crea obiecte dinamice în C++?,create,alloc,new,malloc,C
607,Operatorul new apelează automat constructorul clasei pentru obiectul creat.,Ce face operatorul new în plus față de malloc?,Creează doar tablouri statice,Apelează automat constructorul clasei,Eliberează automat memoria,Returnează întotdeauna un pointer NULL,B
608,Destructorul este apelat automat când obiectul iese din domeniul de vizibilitate sau este eliberat cu delete.,Când este apelat destructorul unui obiect?,La compilare,Când obiectul iese din domeniul de vizibilitate,Când obiectul este declarat static,Când obiectul este copiat,B
609,"Constructorii pot fi clasificați în: generali, implicați, de copiere și de conversie.",Care dintre următoarele NU este un tip de constructor?,Constructor de copiere,Constructor de conversie,Constructor general,Constructor virtual,D
610,"Constructorii generali au cel puțin un argument ne-referență, folosit pentru inițializarea membrilor.",Ce caracterizează un constructor general?,Returnează o valoare implicită,Are cel puțin un parametru ne-referență folosit la inițializare,Nu are niciun parametru,Este întotdeauna static,B
611,Un constructor fără parametri este considerat implicit și poate fi generat automat de compilator.,Ce definește un constructor implicit?,Un constructor care returnează tipul clasei,Un constructor declarat static,Un constructor apelat explicit de utilizator,Un constructor fără parametri,D
612,"Dacă o clasă conține un constructor cu parametri impliciți, nu se mai poate defini și un constructor implicit fără erori.",Ce se întâmplă dacă o clasă definește atât un constructor implicit cât și unul cu parametri impliciți?,Compilatorul generează o eroare de ambiguitate,Nu se mai poate apela destructorul clasei,Constructorul implicit este ignorat,Constructorii sunt combinați automat,A
613,Constructorul de copiere se apelează când un obiect este inițializat cu valorile altui obiect de același tip.,Când este apelat un constructor de copiere?,Când se inițializează un obiect cu altul de același tip,Când se face o conversie de tip,Când se apelează destructorul clasei,Când obiectul este distrus,A
614,Constructorul de copiere primește întotdeauna o referință la un obiect al aceleiași clase.,Ce tip de parametru are constructorul de copiere?,O valoare întregă,O referință la un obiect al clasei,Un tablou constant,Un pointer la o variabilă statică,B
615,Constructorul de copiere se apelează și când obiectele sunt transmise prin valoare funcțiilor.,Ce se întâmplă când un obiect este transmis prin valoare unei funcții?,Este apelat destructorul înainte de transmitere,Este apelat operatorul new,Obiectul este mutat automat pe heap,Se apelează constructorul de copiere pentru crearea unei copii temporare,D
616,Constructorul de conversie permite transformarea automată a unui tip într-un obiect al clasei.,Ce permite un constructor de conversie de tip?,Atribuirea implicită a valorilor nule,Conversia între clase moștenite,Crearea de copii binare ale clasei,Conversia automată între tipuri diferite,D
617,Un constructor de conversie are de regulă un singur argument de tip diferit de cel al clasei.,"Câte argumente are, de obicei, un constructor de conversie?","Unul singur, de tip diferit de cel al clasei",Toți parametrii clasei,Depinde de constructorul de copiere,Niciunul,A
618,Destructorul eliberează resursele ocupate de obiect înainte de dealocarea memoriei.,Care este rolul destructorului?,Inițializarea atributelor,Eliberarea resurselor folosite de obiect,Apelarea funcțiilor inline,Alocarea dinamică de memorie,B
619,Destructorii nu pot fi supraîncărcați și nu pot primi parametri.,Ce restricție au destructorii în C++?,Pot returna doar valori întregi,Nu pot avea parametri și nu pot fi supraîncărcați,Pot fi apelați manual,Trebuie să fie statici,B
620,Ordinea de apelare a destructorilor este inversă ordinii apelării constructorilor.,În ce ordine sunt apelați destructorii în raport cu constructorii?,În ordine inversă,Aleatoriu,În aceeași ordine,În funcție de dimensiunea obiectelor,A
621,Obiectele statice definite în interiorul unei funcții sunt distruse abia după terminarea programului.,Când este apelat destructorul unui obiect static local?,La începutul programului,Imediat după terminarea blocului curent,După terminarea funcției main,Înainte de apelul altor funcții,C
622,Un obiect transmis prin valoare către o funcție se copiază și apoi se distruge la revenirea din funcție.,Ce se întâmplă cu un obiect transmis prin valoare unei funcții?,Se transmite prin pointer,Se mută în zona statică,Se creează o copie temporară care este distrusă după execuția funcției,Este returnat automat,C
623,Destructorii sunt apelați automat și pentru obiectele alocate dinamic prin operatorul delete.,Cum este apelat destructorul unui obiect creat cu operatorul new?,"Automat, prin operatorul delete",Prin compilator la sfârșitul programului,Doar pentru obiectele statice,"Manual, de către programator",A
624,"În cazul pointerilor, destructorii trebuie apelați explicit prin delete pentru a evita scurgerile de memorie.",Ce se întâmplă dacă un pointer la obiect nu este eliberat cu delete?,Destructorul nu este apelat și apare o scurgere de memorie,Obiectul este resetat implicit,Compilatorul forțează apelul destructorului,Obiectul se distruge automat,A
625,"Operatorii new și delete sunt pereche: new alocă memorie și apelează constructorul, delete eliberează și apelează destructorul.",Ce acțiuni realizează operatorii new și delete împreună?,Crearea și distrugerea controlată a obiectelor,Conversia tipurilor implicite,Inițializarea constantelor globale,Salvarea datelor statice,A
626,"Constructorii pot fi apelați implicit de compilator pentru obiecte globale, înainte de funcția main().",Când sunt apelați constructorii obiectelor globale?,Înainte de apelul funcției main(),Doar la cererea utilizatorului,La prima utilizare a clasei,După terminarea programului,A
627,Un constructor de copiere greșit implementat poate duce la erori dacă obiectul conține pointeri.,De ce poate fi periculos un constructor de copiere implicit?,Poate copia adresele pointerilor în locul conținutului acestora,Poate genera erori de tip la compilare,Poate elimina date statice ale clasei,Nu poate fi apelat de compilator,A
628,Un constructor de conversie este apelat automat atunci când se face o atribuire între tipuri compatibile.,Când se apelează un constructor de conversie?,Când destructorul returnează o valoare,Când se atribuie un tip diferit compatibil cu clasa,La copierea obiectelor de același tip,La crearea obiectelor statice,B
629,"În exemplul cu clasa Contor, destructorii se apelează în ordinea inversă a apelului constructorilor.",Care este ordinea de apelare a destructorilor în exemplul Contor?,Inversă față de ordinea apelului constructorilor,Aceeași ordine ca a constructorilor,Aleatorie,Determinată de sistemul de operare,A
630,Destructorul clasei list distruge toate nodurile alocate dinamic pentru a preveni scurgerile de memorie.,Ce face destructorul clasei list?,Salvează lista într-un fișier extern,Eliberează toate nodurile din listă pentru a preveni scurgerile de memorie,Transformă lista într-un vector static,Creează o copie a listei curente,B
631,Spațiul numelor (namespace) este o facilitate a limbajului C++ care permite gruparea identificatorilor pentru a evita conflictele de nume.,Ce problemă rezolvă utilizarea spațiilor de nume în C++?,Evită conflictele dintre variabile și funcții cu același nume,Permite utilizarea pointerilor la funcții,Optimizează consumul de memorie,Crește viteza de execuție a programului,A
632,"În C, toate variabilele globale aparțin aceluiași spațiu al numelor, ceea ce poate genera conflicte între fișiere diferite.",De ce pot apărea conflicte de nume în limbajul C?,Pentru că toate variabilele globale împart același spațiu global al numelor,Pentru că nu există modificatori statici,Pentru că fișierele sunt compilate separat,Pentru că fiecare funcție are propriul spațiu al numelor,A
633,"Variabilele statice definite la nivel de fișier sunt vizibile doar în fișierul respectiv, ascunse pentru celelalte module.",Ce rol are o variabilă statică definită la nivel de fișier?,O face accesibilă în toate fișierele programului,Determină ordinea de inițializare,Permite partajarea valorilor între module,Ascunde variabila în fișierul în care este definită,D
634,Spațiile de nume permit divizarea domeniului global al identificatorilor în domenii mai mici și independente.,Cum pot fi descrise spațiile de nume în C++?,Ca funcții care ascund codul redundant,Ca structuri logice ce grupează identificatori pentru a preveni conflictele,Ca tipuri predefinite ale compilatorului,Ca variabile globale comune,B
635,Definirea unui spațiu de nume se face folosind cuvântul cheie namespace urmat de un identificator.,Care este sintaxa de bază pentru definirea unui spațiu al numelor?,space <identificator> { definiții },define namespace (<identificator>);,using namespace <identificator>;,namespace <identificator> { declarații },D
636,"O definiție namespace poate conține variabile, funcții, clase sau structuri și nu se încheie cu ';'.",Ce element lipsește la finalul unei definiții de spațiu al numelor?,Operator de rezoluție,Instrucțiunea return,Punct și virgulă,Apostrof,C
637,"Definițiile namespace pot apărea doar la nivel global, nu în interiorul funcțiilor.",Unde poate fi definit un spațiu al numelor?,În orice bloc de cod,Doar la nivel global,Doar în clase,Doar în interiorul funcțiilor,B
638,"În mod obișnuit, spațiile de nume sunt declarate în fișiere header pentru a fi accesibile mai multor fișiere sursă.","Unde se declară, de regulă, spațiile de nume într-un proiect C++?",În funcția main(),În bibliotecile dinamice,În fișierele header (.h),În fișierele de implementare (.cpp),C
639,C++ permite completarea unui spațiu al numelor existent în fișiere diferite fără a genera erori.,Ce se întâmplă dacă același spațiu al numelor este definit în mai multe fișiere?,Se generează o eroare de redefinire,"Definițiile se completează între ele, fără eroare",Compilatorul ignoră definițiile ulterioare,Se suprascriu variabilele existente,B
640,Fiecare unitate de compilare are asociat un spațiu al numelor anonim (fără nume).,Ce este un spațiu al numelor anonim?,Un alias al spațiului std,Un spațiu global partajat între module,"Un spațiu unic pentru fiecare fișier, fără nume, accesibil doar local",Un spațiu care ascunde toate funcțiile publice,C
641,Spațiile anonime de nume înlocuiesc utilizarea variabilelor statice la nivel de fișier pentru ascunderea numelor.,Care este avantajul spațiilor anonime față de variabilele statice?,Eliberează memoria automat,Permit moștenirea claselor,Ascund numele fără a necesita declararea statică,Permit modificarea accesului protected,C
642,Operatorul de rezoluție (::) se folosește pentru a accesa elemente definite într-un spațiu al numelor.,Cum se accesează un element dintr-un spațiu de nume?,prin directiva #include,prin operatorul '->',prin operatorul '.',prin operatorul '::',D
643,O directivă using permite accesul direct la toate elementele dintr-un spațiu de nume fără prefixare.,Ce face directiva using namespace <nume>?,Declară o nouă clasă,Importă toate numele din spațiul respectiv în domeniul curent,Ascunde spațiul global al numelor,Definește o funcție globală,B
644,Directiva using namespace se poate aplica la nivel de fișier sau în interiorul unui bloc de cod.,Care este domeniul de vizibilitate al unei directive using?,Blocul de cod sau fișierul în care apare,Întregul program,Doar în cadrul claselor,Numai în funcția main(),A
645,O declarație using importă doar un identificator dintr-un spațiu al numelor.,Ce diferență există între directiva using și declarația using?,"Declarația importă tot spațiul, directiva doar un element",Directiva se aplică doar claselor,Nu există nicio diferență funcțională,"Directiva importă tot spațiul de nume, declarația doar un identificator",D
646,"O declarație using poate fi folosită în aceleași locuri ca o declarație normală (în funcții, clase etc.).",Unde se poate folosi o declarație using?,Numai la începutul programului,Doar în interiorul claselor,"În aceleași locuri ca o declarație obișnuită (în blocuri, funcții etc.)",Numai în spațiile globale,C
647,Aliasurile pentru spații de nume simplifică utilizarea numelor lungi.,Cum se definește un alias pentru un spațiu al numelor?,typedef namespace lung scurt;,namespace alias(lung);,namespace scurt = lung;,using scurt = lung;,C
648,"Dacă două spații de nume conțin același identificator și sunt importate simultan, apare o ambiguitate la utilizare.",Când apare o eroare de ambiguitate la utilizarea directivelor using?,Când aliasurile nu sunt definite corect,Când sunt definite două spații de nume cu același identificator,Când spațiul anonim este inclus în alt spațiu,Când două spații diferite conțin același nume și sunt importate simultan,D
649,"În cazul unei ambiguități, numele poate fi calificat explicit cu operatorul :: pentru a indica spațiul corect.",Cum se rezolvă ambiguitățile de nume între spații diferite?,Prin includerea fișierului header doar o dată,Prin ștergerea unuia dintre spații,Prin calificarea numelui cu operatorul de rezoluție '::',Prin utilizarea unui alias static,C
650,"Spațiul de nume std conține toate elementele standard ale C++ (cout, cin, string etc.).",Ce elemente conține spațiul de nume std?,Doar funcții matematice,"Elemente standard din biblioteca C++ precum cout, cin, string",Tipuri definite de utilizator,Macrodefiniții,B
651,Operatorul :: poate fi folosit și pentru a defini funcții membre ale unei clase declarate într-un spațiu al numelor.,Cum se definește o funcție membră a unei clase dintr-un namespace?,prin aliasul clasei,prin sintaxa <clasa>::<funcție>(),prin sintaxa <namespace>::<clasa>::<funcție>(),prin includerea namespace-ului în header,C
652,Directiva using poate fi utilizată și în interiorul altui spațiu de nume.,Este permisă folosirea directivei using într-un alt namespace?,Doar dacă namespace-ul este global,"Nu, este interzisă sintactic","Da, cu aceleași reguli de vizibilitate",Numai în fișiere .h,C
653,"În cazul funcțiilor supraîncărcate, o singură declarație using permite accesul la toate versiunile funcției.",Cum funcționează declarația using pentru funcțiile supraîncărcate?,Importă doar prima versiune a funcției,Importă doar funcțiile statice,Ignoră versiunile virtuale,Importă toate versiunile funcției cu același nume,D
654,"O declarație using pentru funcția f din spațiul spa3 importă toate versiunile f(int,int), f(double) și f(int).",Ce efect are instrucțiunea using spa3::f?,Importă doar f(double),Importă toate funcțiile f definite în spațiul spa3,"Importă doar f(int,int)",Elimină funcțiile f definite local,B
655,"Dacă două spații conțin variabile cu același nume, dar doar unul este calificat explicit, compilatorul va folosi variabila calificată.",Cum poate fi evitată confuzia între variabile cu același nume în spații diferite?,Prin utilizarea unui alias global,Prin includerea multiplă a fișierelor header,Prin utilizarea calificării explicite cu operatorul ::,Prin ștergerea unuia dintre spații,C
656,"O directivă using importă toate numele dintr-un namespace, dar nu le redefinește în domeniul curent.",Ce se întâmplă dacă un nume importat este redefinit local după directiva using?,Se ignoră declarația locală,Se generează eroare de compilare,Compilatorul folosește ambele versiuni alternativ,Numele local acoperă pe cel din spațiul importat,D
657,O declarație using poate fi utilizată pentru a scurta apelurile către funcții sau variabile frecvent folosite.,De ce este utilă o declarație using într-un program C++?,Elimină conflictele automat,Creează variabile statice,Permite apelarea directă a unui nume fără prefixarea cu namespace-ul,Optimizează timpul de compilare,C
658,"Spațiile de nume pot fi imbricate, adică un namespace poate conține alte spații de nume.",Este permisă imbricarea spațiilor de nume în C++?,Doar în bibliotecile standard,"Da, pot fi imbricate fără restricții","Nu, fiecare trebuie definit separat",Doar în interiorul claselor,B
659,"Spațiile de nume pot fi extinse în fișiere diferite, ceea ce permite organizarea modulară a codului.",Care este avantajul principal al extinderii unui namespace în mai multe fișiere?,Reduce dimensiunea executabilului,Permite organizarea modulară și extinderea codului fără conflicte,Optimizează memoria heap,Permite moștenirea spațiilor de nume,B
660,Operatorul delete oferă protecție în cazul dealocării unui pointer NULL.,Ce se întâmplă dacă operatorul delete este aplicat unui pointer NULL în C++?,Programul intră în stare de blocare,Instrucțiunea este ignorată fără efecte secundare,Pointerul este resetat automat la 0,Se produce o eroare de execuție,B
661,Compunerea obiectelor reprezintă o metodă de reutilizare a codului prin includerea unor obiecte ca membri ai altor clase.,Ce este compunerea obiectelor în C++?,Un tip special de moștenire multiplă,Un mecanism de moștenire între clase,O metodă de conversie între clase,O metodă de reutilizare a codului prin includerea obiectelor altor clase,D
662,"În compunere, o clasă conține ca membri obiecte aparținând altor clase.",Cum se realizează compunerea între clase în C++?,Prin moștenirea publică a unei clase de bază,Prin declararea obiectelor altor clase ca membri ai noii clase,Prin suprascrierea metodelor clasei părinte,Prin utilizarea pointerilor globali,B
663,Compunerea se diferențiază de moștenire prin faptul că nu preia interfața clasei componente.,Care este principala diferență între compunere și moștenire?,Moștenirea se aplică doar între clase prietene,"Compunerea folosește interfața clasei componente, moștenirea nu",Compunerea nu preia interfața clasei componente,Compunerea se face automat în toate clasele derivate,C
664,Relația de compunere se numește și relație de apartenență între clase.,Cum mai este denumită relația de compunere?,Relație de apartenență,Relație de moștenire multiplă,Relație de derivare,Relație statică,A
665,"Într-o clasă compusă, obiectele componente pot fi declarate ca publice sau private.",Care este nivelul de acces recomandat pentru obiectele componente?,Public,Extern,"Private, pentru a ascunde detaliile de implementare",Protected,C
666,"Dacă obiectele componente sunt publice, membrii lor pot fi accesați direct.",Cum pot fi accesați membrii unei componente publice?,Prin operatorul de selecție '.' aplicat obiectului component,Prin conversie de tip,Doar prin metodele clasei compuse,Prin operatorul de rezoluție ::,A
667,"Când obiectele componente sunt private, accesul la acestea se face prin metode dedicate ale clasei compuse.",Cum se accesează membrii unui obiect component privat?,Prin operatorul de rezoluție ::,Prin funcții publice de acces ale clasei compuse,Prin conversie explicită de tip,"Direct, prin operatorul '.'",B
668,"În UML, relația de compunere este reprezentată printr-un romb negru orientat către clasa compusă.",Cum este reprezentată grafic relația de compunere în UML?,Prin o săgeată dublă,Prin un romb negru orientat spre clasa compusă,Prin o săgeată simplă,Prin o linie punctată,B
669,Lista de inițializare a membrilor este utilizată pentru a apela constructorii obiectelor componente.,Ce rol are lista de inițializare a membrilor?,Stabilește vizibilitatea membrilor,Permite apelul constructorilor pentru obiectele componente,Inițializează destructorii clasei,Definește ordinea de distrugere a obiectelor,B
670,"Lista de inițializare se declară după antetul constructorului și înaintea corpului acestuia, fiind precedată de ':'",Cum se scrie o listă de inițializare a membrilor?,După corpul constructorului,În interiorul destructorului,"După antetul constructorului, precedată de ':'",În afara declarației clasei,C
671,Un element din lista de inițializare specifică un membru al clasei și argumentele transmise constructorului acestuia.,Ce conține un element al listei de inițializare?,Numele membrului și valorile transmise constructorului,Doar valorile de inițializare,Numele clasei și tipul de date,Numele funcțiilor virtuale,A
672,Ordinea de apel a constructorilor în lista de inițializare este dată de ordinea declarării obiectelor în clasă.,De ce factor depinde ordinea apelării constructorilor componentelor?,De ordinea alfabetică a numelor,De tipul de date al membrilor,De ordinea din lista de inițializare,De ordinea declarării membrilor în clasă,D
673,Destructorii obiectelor componente se apelează automat în ordinea inversă declarării lor în clasă.,În ce ordine se apelează destructorii obiectelor componente?,Aleatoriu,În aceeași ordine cu constructorii,După ordinea de inițializare din listă,În ordine inversă față de constructori,D
674,"Constructorii componentelor sunt apelați automat, chiar dacă nu sunt specificați explicit în lista de inițializare.",Când sunt apelați constructorii impliciți ai obiectelor componente?,Doar în cazul moștenirii,"Automat, dacă nu sunt specificați în lista de inițializare",După destructorul clasei compuse,Numai dacă sunt apelați explicit,B
675,Ordinea de apel a constructorilor nu depinde de poziția elementelor din lista de inițializare.,Ce determină ordinea reală de apel a constructorilor în clasa compusă?,Ordinea declarării membrilor în clasă,Ordinea apariției în listă,Ordinea alfabetică a numelor,Ordinea apelului destructorilor,A
676,Folosirea consecventă a listei de inițializare asigură o inițializare sigură a tuturor datelor membru.,De ce este recomandată utilizarea listei de inițializare pentru toți membrii unei clase compuse?,Pentru a reduce dimensiunea codului,Pentru a garanta inițializarea sigură a tuturor membrilor,Pentru a evita apelurile recursive,Pentru a simplifica destructorul,B
677,"În exemplul cu clasele A și B, obiectele componente sunt inițializate înaintea corpului constructorului clasei X.",Când sunt inițializate obiectele componente ale unei clase?,Înainte de execuția corpului constructorului,După terminarea programului,După execuția corpului constructorului,În timpul apelului destructorului,A
678,Un stil de programare consecvent impune ca lista de inițializare să includă toți membrii clasei.,Ce recomandare este făcută privind completitudinea listei de inițializare?,Să nu includă date de tip primitiv,Să includă doar membrii publici,Să includă doar membrii pointer,Să includă toți membrii clasei pentru o inițializare sigură,D
679,"Dacă un obiect component are un constructor implicit, nu este necesar apelul explicit în lista de inițializare.",Când poate fi omis un element din lista de inițializare?,Când este statică,Când este un pointer null,Când este protejată,Când componenta are un constructor implicit,D
680,Destructorii pentru obiectele componente se apelează după terminarea destructorului obiectului compus.,Care este ordinea apelării destructorilor într-o clasă compusă?,"Întâi pentru componente, apoi pentru obiectul compus","Întâi pentru obiectul compus, apoi pentru componente",Depinde de tipul destructorului,Aleatorie,B
681,Ordinea de apelare a destructorilor urmează inversul ordinii declarării membrilor în clasă.,Cum se determină ordinea de apel a destructorilor componentelor?,După ordinea din lista de inițializare,După ordinea alfabetică a numelor,După tipul datelor membru,În ordinea inversă declarării în clasă,D
682,"Lista de inițializare poate include și variabile de tipuri predefinite, tratate ca pseudo-constructori.",Cum se comportă inițializarea variabilelor predefinite în lista de inițializare?,Ca alocări dinamice,Ca pointeri const,Ca funcții virtuale,Ca pseudo-constructori,D
683,Un pseudo-constructor este folosit pentru inițializarea variabilelor de tip predefinit.,Ce este un pseudo-constructor?,O formă de inițializare pentru variabile predefinite,O funcție care alocă memorie,O metodă statică de copiere,Un constructor care returnează pointeri,A
684,"În exemplul cu clasele A1 și A2, constructorii acestora sunt apelați automat înaintea constructorului clasei A.","Ce ordine de apelare a constructorilor apare în compunerea claselor A, A1 și A2?",A2 → A1 → A,A1 → A2 → A,A → A1 → A2,Aleatorie,B
685,"Destructorii claselor A1 și A2 sunt apelați în ordine inversă: întâi A2, apoi A1.","Ce ordine de apelare a destructorilor se observă în exemplul cu clasele A1, A2 și A?",A2 → A1,A1 → A2,A1 → A → A2,A → A1 → A2,A
686,"Obiectele componente pot avea proprii constructori și destructori, apelați automat în timpul creării sau distrugerii obiectului compus.",Cum sunt gestionate obiectele componente ale unei clase?,Sunt gestionate automat de constructorii și destructorii clasei compuse,Trebuie create și distruse manual,Sunt inițializate doar în funcția main,Sunt create doar dacă sunt publice,A
687,Constructorii și destructorii obiectelor componente sunt apelați recursiv dacă acestea conțin la rândul lor alte obiecte.,Cum se comportă constructorii în cazul compunerii recursive?,Se apelează doar la primul nivel de compunere,Nu pot fi apelați,Sunt ignorați de compilator,Se apelează recursiv în lanț,D
688,Ordinea apelului constructorilor determină și ordinea în care obiectele componente sunt inițializate.,Ce determină ordinea de inițializare a obiectelor compuse?,Ordinea din lista de inițializare,Tipul variabilelor membre,Ordinea declarării membrilor în clasă,Ordinea alfabetică a numelor,C
689,Destructorii sunt apelați automat la sfârșitul domeniului de viață al obiectului compus.,Când sunt apelați destructorii într-o clasă compusă?,Când se execută constructorul implicit,Când obiectul compus iese din domeniul de vizibilitate,Când se creează o copie a obiectului,La începutul programului,B
690,"În exemplul din curs, ieșirea din funcția main() produce apelul destructorilor în ordinea inversă creării obiectului X și componentelor sale.","Ce se întâmplă la sfârșitul funcției main() în exemplul cu clasele A1, A2, A, B și X?",Destructorii sunt apelați aleatoriu,"Se apelează destructorii X, B, A, A2 și A1 în ordine inversă construirii",Destructorii sunt apelați doar pentru clasele de bază,Se apelează doar destructorul clasei X,B
691,"Ierarhia de clase reprezintă organizarea claselor într-o structură de derivare, în care clasele derivate moștenesc atributele și comportamentele claselor de bază.",Ce este o ierarhie de clase în programarea orientată pe obiecte?,Un mod de ordonare alfabetică a claselor,Un mecanism de alocare dinamică a obiectelor,O structură de relații între clase bazată pe moștenire,Un tip de listă care stochează toate clasele definite,C
692,"Moștenirea permite crearea unei noi clase pe baza unei clase existente, preluând atributele și metodele acesteia.",Ce permite moștenirea între clase?,Instanțierea multiplă a obiectelor,Crearea de clase noi bazate pe clase existente,Crearea de funcții virtuale,Conversia automată a tipurilor de date,B
693,Relația de moștenire este adesea descrisă prin expresia 'este un' (IS-A).,Cum se exprimă relația dintre o clasă derivată și una de bază?,Prin relația 'are un',Prin relația 'este un',Prin relația 'conține un',Prin relația 'moștenește de la',B
694,Clasa de bază oferă o interfață și o implementare comună pentru clasele derivate.,Ce oferă clasa de bază claselor derivate?,Acces la pointerul this,Atribute și metode reutilizabile,Funcții virtuale pure,Doar atribute private,B
695,"Există trei tipuri principale de moștenire: publică, privată și protejată.",Care sunt tipurile de moștenire disponibile în C++?,"Locală, globală și anonimă","Publică, privată și protejată","Directă, indirectă și multiplă","Simplă, complexă și multiplă",B
696,"Într-o moștenire publică, membrii publici și protejați ai clasei de bază rămân accesibili în clasa derivată.",Cum sunt moșteniți membrii publici ai unei clase de bază într-o moștenire publică?,Devine protejați,Rămân publici în clasa derivată,Devine privați,Sunt ignorați complet,B
697,"Într-o moștenire privată, membrii publici și protejați ai clasei de bază devin privați în clasa derivată.",Ce se întâmplă cu membrii publici ai unei clase de bază în moștenirea privată?,Sunt eliminați,Devine privați în clasa derivată,Rămân publici,Devine const,B
698,"Derivarea protejată menține vizibilitatea protected a membrilor moșteniți, ascunzându-i față de exterior.",Cum sunt tratați membrii moșteniți într-o moștenire protected?,Devine const,Sunt transformați în pointeri,Devine publici,Rămân protejați în clasa derivată,D
699,Constructorii și destructorii claselor de bază sunt apelați automat în cadrul construcției sau distrugerii unui obiect derivat.,Cum sunt apelați constructorii claselor de bază într-o ierarhie?,Doar dacă sunt virtuali,"Automat, înaintea constructorului clasei derivate",Manual de programator,"Automat, după destructorul derivatei",B
700,Ordinea de apel a destructorilor într-o ierarhie de clase este inversă celei a constructorilor.,Care este ordinea apelării destructorilor într-o ierarhie de moștenire?,Aleatorie,Aceeași ca a constructorilor,Inversă față de ordinea constructorilor,Determinată de sistemul de operare,C
701,Limbajul C++ permite definirea de funcții și clase prietene care pot accesa membrii privați ai unei clase.,Ce permite mecanismul funcțiilor și claselor prietene în C++?,Accesul la membrii privați și protejați ai unei clase printr-o relație declarată explicit,Accesul direct la membrii publici ai altor clase,Excluderea metodelor dintr-o clasă,Moștenirea multiplă a atributelor private,A
702,"O funcție prietenă este declarată în interiorul unei clase, dar nu devine membru al acesteia.",Ce caracterizează o funcție prietenă?,Este moștenită automat de clasele derivate,Face parte din clasa în care este declarată,Poate fi apelată doar din metode virtuale,Este o funcție externă ce are acces la membrii privați ai clasei,D
703,Cuvântul cheie friend este folosit pentru a declara o funcție prietenă într-o clasă.,Cum se declară o funcție prietenă?,Prin specificarea tipului static,Prin utilizarea cuvântului cheie public,Prin operatorul de rezoluție ::,Prin prefixarea declarației cu cuvântul cheie friend,D
704,Funcțiile prietene pot accesa membrii privați ai unei clase doar prin intermediul unui obiect al clasei respective.,Cum accesează o funcție prietenă membrii unei clase?,Prin intermediul unui obiect instanțiat al clasei,"Direct, fără a folosi un obiect",Prin funcția main(),Prin operatorul friend::,A
705,"Relația de prietenie nu este bidirecțională: dacă A este prietenă cu B, B nu este automat prietenă cu A.",Care este natura relației de prietenie între clase în C++?,Este bidirecțională,Este simetrică,"Nu este reciprocă, trebuie declarată separat în ambele clase",Este moștenită automat,C
706,"O clasă prietenă poate accesa toți membrii altei clase, indiferent de specificatorul de acces.",Ce drepturi de acces are o clasă prietenă?,Doar la membrii protejați,"La toți membrii clasei, indiferent de nivelul de acces",Doar la membrii publici,Numai la constructorii publici,B
707,Declarația friend class contorA; din clasa A oferă acces complet clasei contorA la membrii lui A.,Ce efect are declarația friend class contorA;?,Permite clasei contorA acces la membrii privați și protejați ai clasei A,Permite clasei contorA să moștenească A,Restricționează accesul clasei contorA la A,Transformă A într-o clasă derivată,A
708,O funcție prietenă trebuie declarată în interiorul clasei care acordă prietenia.,Unde se declară o funcție prietenă?,În funcția main(),"În afara clasei, înainte de utilizare",În interiorul clasei care o declară prietenă,În clasa prietenă,C
709,Funcțiile prietene pot fi folosite pentru operații între obiecte care necesită acces la membri privați.,Care este un caz comun de utilizare pentru funcțiile prietene?,Crearea de clase derivate,Implementarea operatorilor binari între obiecte,Inițializarea constantelor globale,Definirea metodelor statice,B
710,O clasă poate declara o altă clasă drept prietenă pentru a-i permite acces la membrii privați.,Cum se declară o clasă prietenă?,protected class NumeClasa;,using NumeClasa;,public class NumeClasa;,friend class NumeClasa;,D
711,Relația de prietenie nu este moștenită: clasele derivate nu devin automat prietene.,Ce se întâmplă cu relația de prietenie la moștenire?,"Se pierde, trebuie redeclarată explicit",Se aplică tuturor claselor din ierarhie,Este moștenită automat de clasele derivate,Devine protected,A
712,"Clasele prietene diferă de clasele derivate prin faptul că nu extind funcționalitatea, ci doar obțin acces.",Care este diferența principală dintre o clasă prietenă și o clasă derivată?,"Clasa prietenă are doar acces, fără moștenire de membri",Clasa derivată nu are acces la funcțiile publice,Clasa derivată este întotdeauna prietenă,Clasa prietenă moștenește membrii clasei de bază,A
713,O clasă îmbricată este definită în interiorul altei clase.,Ce reprezintă o clasă îmbricată?,O funcție prietenă,O clasă globală,O clasă definită în interiorul altei clase,O clasă derivată,C
714,"O clasă îmbricată poate fi definită în secțiunile public, protected sau private ale clasei care o conține.",De ce depinde vizibilitatea unei clase îmbricate?,De tipul datelor sale membre,De existența unei relații de prietenie,De tipul constructorului,"De secțiunea (public, protected, private) în care este definită",D
715,Membrii unei clase îmbricate respectă regulile generale de acces ale membrilor de clasă.,Cum se pot accesa membrii unei clase îmbricate?,Doar printr-un obiect al clasei respective,"Direct, fără obiect",Prin operatorul this,Prin moștenire multiplă,A
716,Accesul la membrii unei clase îmbricate se face prin intermediul unui obiect instanțiat al acesteia.,Cum poate fi accesat un membru privat al unei clase îmbricate?,Prin moștenirea altei clase,Prin operatorul de rezoluție global,Prin intermediul unui obiect instanțiat,Doar dacă este declarat public,C
717,O clasă îmbricată poate fi definită drept prietenă a clasei care o conține sau invers.,Cum poate fi stabilită o relație de prietenie între o clasă îmbricată și clasa care o conține?,Prin declarația friend class în oricare dintre ele,Nu este posibilă o astfel de relație,Doar prin moștenire publică,Prin includerea headerului principal,A
718,O clasă îmbricată se comportă ca un membru al clasei care o conține și se accesează cu operatorul de rezoluție.,Cum se accesează o clasă îmbricată din exterior?,Prin funcția friend(),Prin operatorul ->,Prin operatorul de rezoluție a domeniului (::),Prin pointerul this,C
719,O clasă îmbricată poate avea membri statici care pot fi accesați prin operatorul de rezoluție al clasei externe.,Cum se accesează un membru static al unei clase îmbricate?,Prin funcția main(),Prin moștenire multiplă,Prin pointerul la obiect,Prin numele clasei externe urmat de :: și numele clasei îmbricate,D
720,O enumerare definită în interiorul unei clase este vizibilă doar în acea clasă dacă este declarată în secțiunea private.,Care este vizibilitatea unei enumerări definite în secțiunea private a unei clase?,Vizibilă în toate spațiile de nume,Doar în interiorul clasei respective,Globală în întregul program,Vizibilă în toate clasele derivate,B
721,Supraîncărcarea operatorilor permite redefinirea comportamentului operatorilor standard pentru tipurile definite de utilizator.,Ce permite mecanismul de supraîncărcare a operatorilor în C++?,Combinarea operatorilor într-unul singur,Crearea de operatori noi,Redefinirea operatorilor existenți pentru clase definite de utilizator,Modificarea precedenței operatorilor,C
722,"Operatorii supraîncărcați sunt tratați de compilator ca funcții speciale, asociate claselor.",Cum tratează compilatorul operatorii supraîncărcați?,Ca șabloane (template-uri),Ca variabile globale,Ca funcții speciale ale limbajului,Ca instrucțiuni de control,C
723,Operatorii pot fi implementați ca funcții membru sau ca funcții prietene.,În ce moduri pot fi definiți operatorii supraîncărcați în C++?,Doar ca funcții virtuale,Numai în clasele de bază,Doar ca funcții statice,Ca funcții membru sau funcții prietene,D
724,"Operatorul de rezoluție :: nu poate fi supraîncărcat, fiind rezervat limbajului.",Care dintre operatorii următori NU poate fi supraîncărcat?,+,++,::,=,C
725,"Operatorii =, (), [], -> și ->* trebuie definiți întotdeauna ca funcții membru.",Ce operatori trebuie să fie neapărat funcții membru?,"++, -- și <<","=, (), [], -> și ->*","+, -, *, / și %","!, &&, || și ^",B
726,Operatorii unari pot fi definiți ca funcții membru pentru a beneficia de parametrul implicit this.,Cum este recomandat să fie definiți operatorii unari?,Ca funcții statice,Ca funcții prietene,Ca funcții globale,Ca funcții membru ale clasei,D
727,"Operatorii binari compuși de atribuire (+=, -= etc.) se definesc, de regulă, ca funcții membru.",Cum este recomandat să fie definiți operatorii binari de atribuire?,Ca funcții friend,Ca funcții membru,Ca operatori virtuali,Ca funcții statice,B
728,Operatorii de incrementare și decrementare pot avea forme prefixate și postfixate.,Cum se deosebesc formele prefix și postfix ale operatorului ++?,Toate cele de mai sus,Forma postfix returnează valoarea anterioară,Forma postfix folosește un parametru fictiv de tip int,Forma prefix nu are parametri,A
729,Operatorii ++ și -- pot fi folosiți în clase de tip container pentru iterarea elementelor.,În ce context se folosesc operatorii ++ și -- în clasele container?,Pentru alocare de memorie,Pentru a elibera memorie,Pentru a compara două containere,Pentru parcurgerea elementelor prin iterare,D
730,Operatorul de atribuire (=) trebuie să fie o funcție membru nestatică.,De ce operatorul = trebuie definit ca funcție membru nestatică?,Pentru a evita conversiile implicite,Pentru a permite moștenirea multiplă,Pentru a apela automat destructorii,Pentru că operandul din stânga trebuie să fie un obiect al clasei,D
731,Operatorul de atribuire și constructorul de copiere sunt adesea similari în comportament.,Ce asemănare există între operatorul de atribuire și constructorul de copiere?,Ambele copiază valorile membrilor între obiecte,Ambele alocă memorie pentru un nou obiect,Ambele returnează pointeri const,Ambele sunt virtuale,A
732,Operatorul << este de obicei definit ca funcție prietenă pentru a permite afișarea obiectelor.,"Cum se definește, de regulă, operatorul << pentru afișarea obiectelor?",Ca operator virtual,Ca funcție prietenă cu doi parametri,Ca funcție membru,Ca funcție statică,B
733,"Operatorul >> se definește în mod similar cu <<, pentru a permite citirea datelor din fluxuri.",Ce face operatorul >> definit ca funcție friend?,Permite citirea datelor unui obiect dintr-un flux de intrare,Eliberează memoria fluxului,Formatează valorile numerice,Scrie datele unui obiect într-un fișier binar,A
734,"Operatorul de conversie permite transformarea unui obiect într-un alt tip de date, explicit sau implicit.",Ce permite un operator de conversie în C++?,Transformarea unui obiect într-un alt tip de date,Crearea automată de clase derivate,Apelarea destructorilor în lanț,Extinderea unei clase prin moștenire multiplă,A
735,Operatorii de conversie pot fi definiți explicit sau implicit folosind cuvintele cheie explicit și operator.,Cum se definește un operator de conversie explicit?,convert operator tip() { ... },typecast operator tip() { ... },explicit operator tip() { ... },friend operator tip() { ... },C
736,"Operatorii static_cast, const_cast, dynamic_cast și reinterpret_cast sunt folosiți pentru conversii controlate.",Ce oferă operatorii de tip cast în C++?,Conversii controlate între tipuri compatibile,Conversii automate de tip implicit,Conversii doar între tipuri numerice,Conversii între fișiere și fluxuri,A
737,Operatorul static_cast permite conversia explicită între tipuri compatibile la compilare.,Când se folosește operatorul static_cast?,Pentru conversii între pointeri necompatibili,La conversii implicite între clase,Pentru reinterpretarea unei zone de memorie,Pentru conversii sigure între tipuri compatibile la compilare,D
738,Operatorul const_cast elimină sau adaugă calificatorul const unui obiect.,Ce efect are operatorul const_cast?,Transformă un pointer într-un tip de bază,Elimină sau adaugă calificatorul const al unui obiect,Eliberează memoria alocată,Execută conversii dinamice între clase,B
739,Operatorul dynamic_cast verifică la rulare dacă un pointer poate fi convertit în tipul țintă.,Ce caracterizează operatorul dynamic_cast?,Este folosit doar pentru funcții prietene,Realizează conversii sigure la rulare între clase cu moștenire polimorfă,Transformă un pointer în int,Efectuează conversii între tipuri numerice,B
740,Operatorul reinterpret_cast permite reinterpretarea conținutului unei zone de memorie ca alt tip.,Ce face operatorul reinterpret_cast?,Adaugă calificatorul volatile,Apelează constructorul implicit al clasei,Convertește în siguranță între clase înrudite,Reinterpretează o zonă de memorie ca alt tip de date,D
741,Conversiile implicite între clase pot duce la ambiguități dacă sunt definite mai multe căi posibile de conversie.,Ce problemă pot cauza conversiile implicite între clase?,Creșterea performanței,Erori de compilare din cauza moștenirii multiple,Ambiguități în alegerea conversiei potrivite,Crearea automată de destructor,C
742,"Pentru a evita conversiile automate, operatorii de conversie pot fi declarați explicit.",Cum pot fi evitate conversiile implicite între clase?,Prin folosirea moștenirii private,Prin eliminarea operatorilor binari,Prin declararea operatorilor de conversie cu cuvântul cheie explicit,Prin eliminarea constructorilor,C
743,Constructorii de conversie sunt utilizați pentru a crea un obiect al unei clase dintr-un alt tip.,Ce este un constructor de conversie?,Un constructor fără parametri,Un constructor static care creează copii,Un constructor de moștenire,Un constructor care primește un singur parametru de tip diferit,D
744,Conversiile implicite sunt permise doar dacă nu implică pierdere de informație.,Ce condiție trebuie îndeplinită pentru conversiile implicite?,Să aibă același tip de retur,Să nu ducă la pierderea de informație,Să implice o clasă abstractă,Să folosească operatorul reinterpret_cast,B
745,Un operator de conversie trebuie să returneze tipul către care se face conversia.,Ce tip de valoare returnează un operator de conversie?,Tipul către care se face conversia,Tipul de bază al clasei,Pointer la obiectul curent,Un tip generic void*,A
746,Operatorii de conversie pot fi combinați cu constructori pentru conversii complexe între clase.,Cum se pot realiza conversii între clase diferite?,Prin apelarea destructorului clasei de bază,Prin moștenire multiplă,Prin definirea unui constructor de conversie și a unui operator de conversie corespunzător,Prin funcții globale virtuale,C
747,Supraîncărcarea operatorilor nu modifică prioritatea și asociativitatea acestora.,Ce proprietăți nu pot fi modificate prin supraîncărcarea operatorilor?,Precedența și asociativitatea,Numele operatorului,Numărul de operanzi,Tipul de retur,A
748,Operatorii trebuie folosiți doar acolo unde semnificația lor este clară și logică pentru clasa respectivă.,Care este o regulă bună de proiectare pentru supraîncărcarea operatorilor?,Să fie utilizați doar când comportamentul lor are sens intuitiv,Să fie folosiți pentru toate operațiile posibile,Să fie întotdeauna virtuali,Să fie definiți doar ca friend,A
749,Un operator de conversie poate fi apelat implicit de compilator în anumite expresii.,Când este apelat implicit un operator de conversie?,Când clasa este abstractă,Când este necesară o transformare automată a tipului,Când funcția este prietenă,Când un destructor este apelat,B
750,"Conversiile necontrolate pot genera erori de ambiguitate, mai ales în cazul moștenirii multiple.",Ce problemă apare frecvent la conversiile implicite între clase înrudite?,Apelul repetat al destructorului,Blocarea compilatorului,Conversia multiplă a aceleiași valori,Eroare de ambiguitate în alegerea constructorului potrivit,D
751,"Polimorfismul permite ca același apel de funcție să aibă comportamente diferite, în funcție de tipul obiectului apelat.",Ce reprezintă polimorfismul în C++?,Folosirea pointerilor globali în clase,Utilizarea mai multor funcții cu același nume și comportament identic,Capacitatea unui obiect de a-și schimba comportamentul în funcție de tipul derivat,Derivarea multiplă a claselor,C
752,"Funcțiile virtuale permit apelarea versiunii corecte a unei metode într-o ierarhie de clase, chiar printr-un pointer la clasa de bază.",Care este rolul funcțiilor virtuale?,Permit moștenirea multiplă,Permit apelul dinamic al metodelor potrivite în ierarhii de clase,Optimizează timpul de compilare,Eliberează memoria automat,B
753,"Legarea statică se realizează în timpul compilării, iar legarea dinamică în timpul execuției.",Care este diferența principală dintre legarea statică și cea dinamică?,Tipul datelor implicate,Vizibilitatea membrilor privați,Nivelul de moștenire,Momentul determinării funcției apelate,D
754,Cuvântul cheie virtual forțează legarea dinamică a apelului unei funcții membre.,Cum se specifică o funcție virtuală în C++?,Prin utilizarea operatorului ::,Prin cuvântul cheie static,Prin cuvântul cheie virtual înaintea declarației funcției,Prin declararea în secțiunea protected,C
755,O funcție declarată virtual într-o clasă de bază își păstrează caracterul virtual în toate clasele derivate.,Ce se întâmplă cu o funcție virtuală în clasele derivate?,Devine inline,Rămâne virtuală implicit,Devine funcție prietenă,Își pierde caracterul virtual,B
756,Funcțiile virtuale permit tratarea uniformă a obiectelor derivate prin pointeri la clasa de bază.,Ce avantaj oferă funcțiile virtuale în tratarea obiectelor derivate?,Asigură legarea statică a funcțiilor,Optimizează memoria,Permit tratarea uniformă prin pointeri la clasa de bază,Permit utilizarea moștenirii multiple,C
757,O funcție virtuală pură este declarată prin adăugarea '=0' la prototipul ei.,Cum se declară o funcție virtuală pură?,virtual void f() const = 0;,virtual void f() {};,pure virtual void f();,abstract void f();,A
758,O clasă care conține cel puțin o funcție virtuală pură nu poate fi instanțiată.,Ce caracter are o clasă care conține funcții virtuale pure?,Clasă concretă,Clasă abstractă,Structură generică,Interfață globală,B
759,Destructorii virtuali asigură apelarea corectă a destructorilor claselor derivate la ștergerea prin pointeri de bază.,De ce sunt importanți destructorii virtuali?,Pentru a bloca moștenirea multiplă,Pentru a evita scurgerile de memorie la ștergerea prin pointeri de bază,Pentru a permite constructori virtuali,Pentru a forța legarea statică,B
760,Constructorii nu pot fi virtuali deoarece inițializează obiecte a căror structură este stabilită la compilare.,De ce nu pot fi constructorii virtuali în C++?,Pentru că sunt statici implicit,Pentru că nu pot fi moșteniți,Pentru că obiectele nu există înainte de apelul constructorului,Pentru că nu pot returna tipuri derivate,C
761,"Destructorii virtuali puri fac o clasă abstractă, dar pot avea corp propriu definit.",Ce particularitate are un destructor virtual pur?,Trebuie să aibă un corp definit în clasa de bază,Nu este moștenit de clasele derivate,Nu poate avea corp,Este inline automat,A
762,Clasa abstractă servește drept interfață pentru clasele derivate.,Care este rolul unei clase abstracte?,Să elimine polimorfismul,Să blocheze moștenirea,Să furnizeze o interfață comună pentru clasele derivate,Să permită instanțierea directă,C
763,"În cazul moștenirii multiple, aceeași clasă de bază poate apărea de mai multe ori în ierarhie.",Ce problemă poate apărea în moștenirea multiplă?,Crearea automată de funcții prietene,Imposibilitatea de a apela destructorii,Ambiguitatea apelurilor către clasa de bază comună,Blocarea legării dinamice,C
764,Derivarea virtuală rezolvă duplicarea subobiectelor clasei de bază comune.,Ce rezolvă derivarea virtuală?,Optimizarea operatorilor virtuali,Crearea de constructori multipli,Evitarea duplicării subobiectelor comune în moștenirea multiplă,Implementarea RTTI,C
765,Operatorul dynamic_cast permite conversia sigură a pointerilor între clase înrudite.,Ce face operatorul dynamic_cast?,Efectuează conversii la compilare,Realizează conversii sigure între clase cu funcții virtuale,Șterge memoria alocată,Convertește tipuri neînrudite la rulare,B
766,Operatorul typeid returnează informații despre tipul real al obiectului în timpul execuției.,Ce returnează operatorul typeid?,Dimensiunea clasei,Numărul de funcții virtuale,Numele tipului de obiect la execuție,Pointer la clasa de bază,C
767,Clasa type_info conține informațiile RTTI asociate unui tip de date.,Ce reprezintă clasa type_info?,Clasa care stochează informațiile RTTI despre tipuri la execuție,O clasă abstractă pentru tipurile virtuale,O interfață pentru operatorii de conversie,Un tip de șablon generic,A
768,"Funcțiile virtuale nu pot fi inline, deoarece compilatorul nu poate determina adresa funcției la compilare.",De ce funcțiile virtuale nu pot fi inline în general?,Pentru că sunt definite în clase abstracte,Pentru că nu pot avea parametri,Pentru că sunt întotdeauna statice,Pentru că apelul lor este rezolvat dinamic la execuție,D
769,"Într-o clasă cu funcții virtuale, compilatorul adaugă automat o tabelă VFTABLE care conține adresele funcțiilor.",Ce rol are tabela VFTABLE?,Controlează alocarea memoriei dinamice,Stochează valorile constante ale obiectului,Definește dimensiunea obiectului,Memorează adresele funcțiilor virtuale asociate clasei,D
770,Fiecare obiect al unei clase cu funcții virtuale conține un pointer ascuns numit VFPTR.,Ce este VFPTR?,Un pointer către tabela funcțiilor virtuale VFTABLE,Un pointer către destructorul clasei,O adresă de memorie pentru RTTI,O referință la clasa de bază,A
771,Constructorii claselor cu funcții virtuale initializează automat pointerul VFPTR.,Când este inițializat pointerul VFPTR?,La prima utilizare a funcției virtuale,În cadrul constructorului clasei,După apelul destructorului,La compilare,B
772,Funcțiile virtuale suprascrise trebuie să aibă același număr și tip de parametri ca în clasa de bază.,Ce condiție trebuie îndeplinită pentru suprascrierea unei funcții virtuale?,Funcția trebuie să fie statică,Parametrii și tipul de retur trebuie să coincidă cu cei din clasa de bază,Numele trebuie să fie diferit,Tipul de retur trebuie să fie void,B
773,"Funcțiile virtuale pure definesc doar interfața, nu și implementarea funcției.",Ce caracterizează o funcție virtuală pură?,"Nu are corp, doar semnătură",Are corpul gol,Se apelează automat în destructor,Este statică,A
774,Downcasting-ul reprezintă conversia de la o clasă de bază la o clasă derivată.,Ce este downcasting-ul?,Conversia între două clase neînrudite,Transformarea unui pointer în referință,Conversia de la derivată la bază,Conversia de la bază la derivată,D
775,Operatorul delete aplicat unui pointer la o clasă de bază fără destructor virtual poate cauza scurgeri de memorie.,Ce problemă apare dacă destructorul clasei de bază nu este virtual?,Se șterge memoria statică,Se apelează destructorul de două ori,Compilatorul refuză compilarea,Destructorii derivatei nu sunt apelați,D
776,Funcțiile virtuale pot fi redefinite în clasele derivate prin suprascriere.,Cum se numește redefinirea unei funcții virtuale într-o clasă derivată?,Supraîncărcare,Interpunere,Suprascriere,Ascundere,C
777,O funcție virtuală declarată în clasa de bază devine implicit virtuală în clasele derivate.,Trebuie repetat cuvântul cheie virtual în clasele derivate?,"Nu, proprietatea se moștenește automat","Da, altfel funcția devine statică",Doar dacă funcția e inline,Numai pentru clasele abstracte,A
778,Legarea dinamică permite apelarea funcției corecte în funcție de tipul obiectului indicat de pointer.,Când este utilizată legarea dinamică?,La apelul funcțiilor virtuale prin pointeri sau referințe la clasa de bază,La apelurile statice,La toate funcțiile din clasele derivate,Numai la funcțiile inline,A
779,Funcțiile virtuale asigură extensibilitatea unei aplicații bazate pe o ierarhie de clase.,Ce beneficiu aduc funcțiile virtuale în proiectarea aplicațiilor?,Restricționează polimorfismul,Permit adăugarea de noi clase fără modificarea celor existente,Fac programul mai lent,Elimină nevoia de moștenire,B
780,"Moștenirea multiplă poate produce ambiguități de conversie, rezolvate prin derivare virtuală.",Cum se elimină ambiguitățile cauzate de moștenirea multiplă?,Prin declararea claselor finale,Prin folosirea destructorilor puri,Prin utilizarea derivării virtuale,Prin funcții inline,C
781,"Parametrizarea datelor permite definirea unor clase care conțin tipuri de date nespecificate complet, asemănător parametrilor funcțiilor.",Ce reprezintă parametrizarea datelor în C++?,Implementarea moștenirii multiple,Crearea de clase care extind automat toate tipurile existente,Conversia automată a tipurilor de date,Definirea unor clase sau funcții care pot lucra cu tipuri de date generice,D
782,Clasele template permit definirea unei clase generale care poate fi instanțiată pentru diferite tipuri de date.,Care este scopul unei clase template?,Restricționarea conversiilor implicite,Crearea unui tip de clasă fixă pentru toate aplicațiile,Definirea unei clase generice care poate fi instanțiată pentru tipuri diferite de date,Stocarea constantelor globale,C
783,Definirea unei clase template începe cu expresia template <class T> sau template <typename T>.,Cum se definește o clasă template în C++?,define template class NumeClasa;,template <class T> class NumeClasa { ... };,template new class<T>();,template typename class { ... };,B
784,Parametrul T al unei clase template poate fi folosit în interiorul clasei ca un tip de date obișnuit.,Cum este folosit parametrul tipului într-o clasă template?,Ca o variabilă statică,Ca un tip de date generic utilizabil în declarații și funcții,Ca o constantă globală,Ca un pointer implicit,B
785,"O clasă template poate avea mai mulți parametri de tip, separați prin virgulă.",Cum se definesc clasele template cu mai mulți parametri?,"template <class T, class U> class Nume { ... };","template (T, U) class Nume;","class template Nume<T,U>;","template <typename> class<T,U>;",A
786,"Parametrii template pot avea valori implicite, similare parametrilor funcțiilor.",Ce permite specificarea valorilor implicite în template-uri?,Permite instanțierea fără parametri expliciți în main(),Crește viteza de compilare,Blochează suprascrierea operatorilor,Oferă un comportament implicit pentru parametrii clasei template,D
787,Instanțierea unei clase template generează automat codul specific pentru tipul ales.,Ce se întâmplă la instanțierea unei clase template?,Compilatorul copiază codul pentru toate tipurile posibile,Compilatorul generează automat codul pentru tipul de date specificat,Se creează o clasă abstractă,Se elimină funcțiile neutilizate,B
788,"Dacă un tip folosit într-un template nu are operatorii sau funcțiile necesare, compilarea eșuează.",Ce condiție trebuie să respecte tipurile folosite într-o clasă template?,Să aibă constructori virtuali,Să implementeze operatorii și funcțiile utilizate în template,Să fie tipuri numerice,Să fie clase derivate,B
789,Cuvântul cheie typename specifică faptul că un identificator reprezintă un tip de date într-un context template.,Care este rolul cuvântului cheie typename în template-uri?,Declară o clasă abstractă,Indică compilatorului că un identificator este un tip de date,Activează moștenirea multiplă,Definește o constantă statică,B
790,"În absența cuvântului typename, compilatorul poate interpreta greșit o referință la un tip de date definit în interiorul unei clase template.",Ce problemă rezolvă utilizarea cuvântului cheie typename?,Problemele de conversie între clase template,Erorile de tip în timpul execuției,Ambiguitatea dintre tipurile membre și variabilele membre într-un template,Ambiguitățile din moștenirea multiplă,C
791,"Clasele template pot declara funcții sau alte clase drept prietene, folosind aceiași parametri sau parametri diferiți.",Ce tipuri de relații friend pot exista între clase template?,Doar între clase statice,Între clase derivate,Între template-uri cu aceiași parametri (legate) sau diferiți (nelegate),Doar între clase din același fișier header,C
792,"O clasă template poate fi derivată dintr-o altă clasă template, folosind aceiași sau parametri suplimentari.",Este posibilă derivarea între clase template?,Doar dacă parametrii sunt const,"Da, o clasă template poate moșteni o altă clasă template","Nu, template-urile nu suportă moștenirea",Doar pentru clase statice,B
793,O clasă template derivată poate adăuga noi parametri la cei ai clasei de bază.,Ce permite derivarea unei clase template din alta?,Transformarea clasei într-o clasă abstractă,Crearea automată de funcții friend,Eliminarea operatorilor virtuali,Adăugarea de noi parametri template sau extinderea funcționalității,D
794,O clasă template poate conține o altă clasă definită în interiorul ei.,Ce se întâmplă dacă o clasă este definită în interiorul unei clase template?,Devine automat o clasă template care poate folosi parametrii clasei exterioare,Este ignorată de compilator,Nu poate accesa parametrii exteriori,Devine clasă abstractă,A
795,Funcțiile template sunt funcții generice care pot opera pe tipuri de date diferite.,Ce sunt funcțiile template?,Funcții definite doar pentru clase template,Funcții prietene ale claselor derivate,"Funcții care lucrează cu tipuri generice, definite prin parametri template",Funcții statice globale,C
796,"Sintaxa funcțiilor template este similară cu cea a claselor template, având construcția template <class T> înaintea definiției.",Cum se definește o funcție template?,funcție<T>() template { ... },template funcție<T>() { ... },template <class T> T nume(T parametri) { ... },template() class funcție,C
797,"Funcțiile template pot fi instanțiate automat de compilator în momentul apelului, pe baza tipului parametrilor.",Când sunt instanțiate funcțiile template?,"La compilare, când compilatorul cunoaște tipurile parametrilor de apel","La rulare, prin RTTI",Când se apelează explicit funcția main(),Doar la încărcarea programului,A
798,"Dacă tipul generic al unei funcții template nu poate fi dedus automat, el trebuie specificat explicit la apel.",Cum se apelează o funcție template când tipul generic nu poate fi dedus automat?,Prin cast de tip la runtime,Prin operatorul ::template,"Prin specificarea explicită a tipului între paranteze unghiulare, ex: f<int>()",Prin funcție friend,C
799,"O funcție template poate fi apelată de mai multe ori, dar compilatorul generează o singură instanță pentru fiecare tip distinct de argument.",Câte instanțe creează compilatorul pentru o funcție template?,Doar una globală pentru toate tipurile,O singură instanță pentru fiecare tip de argument generic,Câte una pentru fiecare fișier sursă,Câte una pentru fiecare apel,B
800,"Parametrii template pot fi de tip întreg sau constant, nu doar de tipuri de date.","Ce alte tipuri de parametri pot exista în template-uri, pe lângă tipurile de date?",Pointeri și referințe la funcții,Parametri de tip întreg sau constante evaluate la compilare,Doar variabile statice,Numai clase abstracte,B
801,"Parametrii template pot avea valori implicite, de exemplu: template <class T, int size = 100>.",Cum se declară un parametru template cu valoare implicită?,"template <class T, int size == 100>","template <class T, int size = 100>",class template T(size=100),"template <T class, 100>",B
802,Definirea funcțiilor template într-un fișier separat de cel al clasei poate cauza erori de legătură.,De ce este recomandat ca definiția unei clase template să fie în același fișier cu implementarea?,Pentru a evita dublarea constructorilor,Pentru ca compilatorul să poată genera codul la instanțiere,Pentru a permite inline-ul funcțiilor,Pentru a reduce dimensiunea executabilului,B
803,O clasă template poate conține o structură internă care folosește parametrii generici ai clasei exterioare.,Ce permite definirea unei structuri în interiorul unei clase template?,Extinderea automată a clasei în clase derivate,Crearea de funcții friend implicite,Eliminarea destructorilor,Folosirea parametrilor clasei exterioare în structura internă,D
804,Funcțiile template pot fi specializate pentru un anumit tip de date.,Ce reprezintă o specializare de funcție template?,Un alias de funcție,Definirea explicită a unei versiuni a funcției pentru un anumit tip,Crearea automată de clase noi,O conversie implicită între tipuri,B
805,Funcțiile template pot fi suprascrise pentru a trata tipuri speciale de date diferit față de cele generale.,Ce permite specializarea funcțiilor template?,Crearea automată a constructorilor,Eliminarea conversiilor implicite,Implementarea comportamentului diferit pentru un tip concret,Blocarea tipurilor de bază,C
806,Deducerea argumentelor template se face automat pe baza tipurilor parametrilor transmiși funcției.,Cum determină compilatorul tipul generic într-o funcție template?,Prin analiza tipurilor parametrilor reali ai apelului,Prin analiză statică a codului sursă,Prin moștenirea clasei de bază,Prin operatori virtuali,A
807,"Funcțiile template pot fi apelate cu tipuri definite de utilizator, dacă acestea implementează operatorii folosiți în funcție.",Ce condiție trebuie îndeplinită pentru ca o funcție template să poată lucra cu un tip definit de utilizator?,Tipul trebuie să fie abstract,Tipul trebuie să implementeze operatorii folosiți în funcția template,Tipul trebuie să aibă constructor implicit,Tipul trebuie să fie derivat din clasa template,B
808,"O funcție template poate fi definită pentru un tip generic, dar instanțiată explicit pentru un tip concret.",Cum se realizează instanțierea explicită a unei funcții template?,Prin operatorul dynamic_cast,Prin derivarea unei noi clase,Prin specificarea tipului între paranteze unghiulare după numele funcției,Prin aliasuri de tip,C
809,O clasă template poate fi utilizată împreună cu o altă clasă template în relație de compunere.,Cum se realizează compunerea între două clase template?,Prin declararea unui membru de tipul celeilalte clase template,Prin funcții virtuale pure,Prin moștenirea multiplă,Prin friend implicit,A
810,Template-urile permit scrierea de cod generic reutilizabil și sigur din punct de vedere al tipurilor.,Care este avantajul principal al utilizării template-urilor în C++?,Îmbunătățirea performanței prin moștenire multiplă,Reducerea dimensiunii codului,Eliminarea nevoii de clase derivate,Creșterea siguranței tipurilor și a reutilizării codului,D
811,Excepțiile oferă un mecanism elegant pentru tratarea erorilor apărute în timpul execuției programului.,Care este scopul principal al tratării excepțiilor în C++?,Detectarea erorilor de compilare,Reducerea dimensiunii programului,Gestionarea controlată a erorilor de execuție,Optimizarea timpului de execuție,C
812,Instrucțiunea throw este folosită pentru a genera o excepție și un obiect asociat acesteia.,Ce efect are instrucțiunea throw?,Resetează valorile variabilelor globale,Întrerupe execuția funcției curente și transferă controlul către un bloc catch corespunzător,Ignoră excepțiile necunoscute,Oprește complet execuția programului,B
813,Blocul try marchează o secțiune de cod în care pot apărea excepții.,Ce rol are blocul try?,Definirea unei funcții pentru tratarea erorilor,Declararea claselor de excepții,Delimitarea secțiunii de cod unde pot apărea excepții,Inițializarea obiectelor,C
814,Blocurile catch sunt folosite pentru a recepționa și trata excepțiile generate într-un bloc try.,Cum funcționează blocurile catch?,Preiau controlul asupra funcțiilor globale,Inițializează obiecte statice,Recepționează excepțiile aruncate și definesc acțiunile de tratare,Determină ordinea execuției funcțiilor,C
815,Clauza catch (...) tratează toate excepțiile care nu au un handler specific.,Ce face clauza catch(...)?,Ignoră toate excepțiile,Resetează handlerul curent,Oprește execuția programului,Tratează orice excepție de tip necunoscut,D
816,O funcție poate declara explicit tipurile de excepții pe care le poate genera folosind specificatorul throw.,Cum se declară excepțiile generate de o funcție?,Prin cuvântul cheie except,Prin includerea în blocul try,Prin definiția unei clase template,Prin specificatorul throw(listă_tipuri) după antetul funcției,D
817,Instrucțiunea throw fără expresie retransmite excepția curentă către un context superior.,Ce efect are instrucțiunea throw fără argument?,Ignoră excepția,Reapelează constructorul excepției,Elimină excepția din memorie,Retransmite excepția curentă către blocul try exterior,D
818,Funcțiile set_terminate și set_unexpected pot fi folosite pentru a defini comportamentul programului în caz de excepții netratate.,Ce permit funcțiile set_terminate și set_unexpected?,Redefinirea funcției main,Optimizarea operatorilor virtuali,Generarea excepțiilor în lanț,Definirea comportamentului programului când o excepție nu este tratată,D
819,O excepție netratată determină apelul implicit al funcției terminate().,Ce se întâmplă dacă o excepție nu este prinsă de niciun bloc catch?,Compilatorul o tratează automat,Excepția este ignorată,Programul continuă normal,Este apelată funcția terminate(),D
820,Excepțiile netratate pot fi interceptate de o funcție definită de utilizator folosind set_terminate.,Cum se poate înlocui comportamentul implicit al funcției terminate()?,Prin utilizarea unei funcții virtuale,Prin definirea unei funcții proprii și apelul set_terminate(funcția),Prin suprascrierea funcției main,Prin declararea unei variabile globale terminate,B
821,"La generarea unei excepții, compilatorul distruge automat toate obiectele complet create în blocul curent.",Ce se întâmplă cu obiectele dintr-un bloc când se aruncă o excepție?,Sunt convertite în pointeri,Sunt copiate în handlerul catch,Sunt păstrate în memorie,Sunt distruse automat în ordine inversă creării,D
822,"Pentru a evita copierea inutilă a obiectelor la tratarea excepțiilor, se recomandă transmiterea prin referință.",Cum se evită copierea obiectului excepției în blocul catch?,"Prin declararea parametrului catch ca referință, ex: catch(A& obj)",Prin apelul destructorului manual,Prin folosirea operatorului static_cast,Prin utilizarea pointerilor globali,A
823,O ierarhie de clase de excepții permite tratarea organizată a mai multor tipuri de erori.,Ce avantaj oferă ierarhiile de clase de excepții?,Permit tratarea comună a mai multor tipuri de excepții înrudite,Creează clase virtuale implicite,Permit moștenirea multiplă a handlerelor,Elimină complet nevoia de handleri,A
824,Ordinea handlerelor într-o secvență catch trebuie să fie de la clasele derivate la cele de bază.,De ce este importantă ordinea handlerelor în blocurile catch?,Pentru a reduce timpul de compilare,Pentru a permite apeluri recursive,Pentru a evita ascunderea handlerelor pentru clase derivate,Pentru a preveni erorile de runtime,C
825,Clasa standard exception este baza ierarhiei pentru toate excepțiile predefinite în C++.,Care este clasa de bază a ierarhiei de excepții din biblioteca standard C++?,runtime_error,error_base,exception,logic_error,C
826,Metoda virtuală what() din clasa exception returnează un mesaj descriptiv al erorii.,Ce face metoda what() a clasei exception?,Transformă excepția într-un pointer,Eliberează memoria excepției,Returnează un șir de caractere cu descrierea erorii,Afișează tipul excepției,C
827,Clasa logic_error este folosită pentru erori detectabile înainte de execuția programului.,Pentru ce sunt folosite excepțiile de tip logic_error?,Pentru erori de execuție,Pentru erori logice detectabile la compilare sau inițializare,Pentru depășirea limitelor memoriei,Pentru alocări dinamice eșuate,B
828,"Clasele derivate din logic_error includ domain_error, invalid_argument, length_error și out_of_range.",Ce tip de erori acoperă clasele derivate din logic_error?,"Erori de domeniu, argument invalid, lungime și index în afara limitelor",Erori hardware,Erori de execuție ale sistemului de operare,Erori de compilare,A
829,Excepțiile de tip runtime_error raportează erori apărute în timpul execuției programului.,Ce tip de probleme semnalează excepțiile de tip runtime_error?,Erori logice de compilare,Erori în timpul linking-ului,Erori de aliniere a memoriei,"Erori de execuție precum overflow, bad_alloc, range_error",D
830,Excepția bad_alloc este aruncată când operatorul new nu poate aloca memoria solicitată.,Ce cauzează generarea excepției bad_alloc?,Utilizarea unui pointer neinițializat,Eroare la conversia tipurilor,Apelarea destructorului unei clase abstracte,Eșecul operației de alocare a memoriei,D
831,Supraîncărcarea operatorilor new și delete permite controlul personalizat al alocării și eliberării memoriei.,Ce avantaje oferă supraîncărcarea operatorilor new și delete?,Împiedică alocările dinamice,Crește viteza de compilare,Reduce dimensiunea programului,Permite optimizarea alocării memoriei și tratarea erorilor de alocare,D
832,Funcția set_new_handler setează o funcție care va fi apelată când operatorul new eșuează.,Ce face funcția set_new_handler?,Setează o funcție care gestionează eșecul alocării de memorie,Optimizează operatorii aritmetici,Resetează pointerii globali,Distruge obiectele temporare,A
833,Funcția set_new_handler primește ca parametru un pointer la o funcție fără argumente.,Ce tip de parametru primește funcția set_new_handler?,Pointer la funcția terminate,Pointer la un obiect de tip handler,Pointer la o funcție de forma void(),Referință la un obiect exception,C
834,Operatorii globali new și delete pot fi redefiniți pentru a implementa metode personalizate de alocare.,Ce permite redefinirea operatorilor globali new și delete?,Schimbarea metodei standard de alocare și dealocare a memoriei,Crearea automată a obiectelor statice,Apelarea implicită a destructorilor,Modificarea tipului de retur al funcțiilor,A
835,Operatorii new și delete pot fi supraîncărcați și la nivelul claselor definite de utilizator.,Unde pot fi definiți operatorii new și delete personalizați?,Doar în namespace-ul std,Numai în funcția main,În interiorul unei clase definite de utilizator,Doar global,C
836,Operatorii new[] și delete[] trebuie supraîncărcați separat de operatorii new și delete.,De ce operatorii new[] și delete[] necesită versiuni proprii?,Pentru a optimiza operatorii aritmetici,Pentru a trata corect alocarea și eliberarea tablourilor de obiecte,Pentru a permite apeluri implicite ale destructorilor,Pentru a evita recursivitatea,B
837,Operatorul delete[] primește ca parametru un pointer la blocul de memorie alocat anterior prin new[].,Ce parametru primește operatorul delete[]?,Dimensiunea tabloului,Un obiect de tip exception,Un handler de tip bad_alloc,Pointer la blocul de memorie alocat prin new[],D
838,Versiunile moderne ale C++ utilizează excepții pentru a trata eșecul operatorului new.,Cum este tratat eșecul operatorului new în versiunile moderne ale C++?,Prin returnarea valorii NULL,Prin oprirea automată a programului,Prin aruncarea unei excepții de tip bad_alloc,Prin apelarea funcției terminate,C
839,"Handlerul de alocare poate elibera memorie și afisa un mesaj de eroare, fiind apelat de set_new_handler.",Care este rolul unui handler de alocare definit de utilizator?,Optimizează destructorii,Creează automat un nou obiect,Înlocuiește operatorii logici,Eliberează memorie și gestionează erorile de alocare,D
840,Supraîncărcarea operatorilor new și delete în clase permite controlul complet al alocării memoriei pentru obiectele respective.,Ce oferă supraîncărcarea operatorilor new și delete la nivel de clasă?,Eliminarea destructorilor,Instanțierea multiplă a obiectelor,Conversii implicite între clase,Controlul complet asupra modului în care este alocată și eliberată memoria pentru obiectele acelei clase,D
841,Un arbore binar este o structură de date în care fiecare nod are cel mult doi descendenți: un subarbore stâng și un subarbore drept.,Ce reprezintă un arbore binar?,O matrice bidimensională,O listă simplu înlănțuită,O structură de date liniară,O structură de date ierarhică în care fiecare nod are maximum doi copii,D
842,"Parcurgerea arborilor binari se poate face în trei moduri clasice: preordine (RLR), inordine (LRR) și postordine (LRR).",Ce înseamnă parcurgerea în preordine a unui arbore binar?,"Vizitarea subarborelui stâng, apoi rădăcina și subarborele drept","Vizitarea subarborelui drept, apoi stâng","Vizitarea nodului rădăcină, apoi subarborele stâng și cel drept",Vizitarea nodurilor în ordine aleatorie,C
843,"Arborii binari de căutare (BST) respectă regula: valorile din subarborele stâng sunt mai mici decât cheia nodului, iar cele din subarborele drept sunt mai mari.",Care este proprietatea fundamentală a arborilor binari de căutare?,Toate cheile sunt egale,Fiecare nod are cel mult trei copii,"Cheile din subarborele stâng sunt mai mici decât cheia nodului, iar cele din dreapta mai mari",Cheile din subarborele stâng sunt mai mari decât cele din dreapta,C
844,Funcția TREE-SEARCH caută un element într-un arbore binar de căutare comparând cheia curentă cu cheia căutată și deplasându-se în stânga sau dreapta.,Ce face funcția TREE-SEARCH într-un BST?,Inserează un element nou,Calculează înălțimea arborelui,Șterge un nod din arbore,Caută un nod după valoarea cheii sale,D
845,"TREE-MINIMUM returnează nodul cu cea mai mică valoare din arbore, parcurgând mereu ramura stângă până la capăt.",Cum se obține minimul dintr-un arbore binar de căutare?,Se parcurge ramura stângă până la capăt,Se folosește o listă auxiliară,Se caută recursiv în ambele subarbori,Se parcurge ramura dreaptă până la capăt,A
846,TREE-MAXIMUM returnează nodul cu cea mai mare valoare dintr-un BST prin deplasarea continuă spre dreapta.,Cum se determină nodul cu valoarea maximă într-un BST?,Prin parcurgerea ramurii drepte până la capăt,Prin inversarea ordinii cheilor,Prin calculul mediei valorilor,Prin parcurgerea ramurii stângi până la capăt,A
847,"Operația TREE-INSERT inserează un nod nou într-un BST, respectând proprietatea de ordine a arborelui.",Ce face funcția TREE-INSERT într-un arbore binar de căutare?,Inserează un nod nou păstrând proprietatea de căutare,Elimină nodul specificat,Calculează înălțimea arborelui,Caută o valoare într-un arbore,A
848,"TREE-DELETE elimină un nod dintr-un arbore binar de căutare, menținând structura corectă a arborelui.",Ce condiție specială trebuie verificată la ștergerea unui nod din BST?,Dacă arborele are înălțimea minimă,Dacă arborele este echilibrat,Dacă are mai mult de doi copii,Dacă nodul este frunză sau are un singur copil,D
849,"Un arbore binar de căutare permite inserări, căutări și ștergeri cu o complexitate medie de O(log n), dar poate ajunge la O(n) în cazuri nefavorabile.",Care este complexitatea medie a operațiilor într-un BST echilibrat?,O(log n),O(n),O(n^2),O(1),A
850,"Arborii AVL sunt arbori binari de căutare echilibrați, unde pentru orice nod diferența de înălțime între subarborii stâng și drept este de cel mult 1.",Ce garantează arborele AVL?,Diferența dintre înălțimile subarborilor este maxim 1,Arborele nu conține noduri duplicate,Factorul de echilibrare este mereu 0,Fiecare nod are cel mult trei copii,A
851,Factorul de echilibrare al unui nod dintr-un arbore AVL este diferența dintre înălțimea subarborelui drept și cea a subarborelui stâng.,Cum se definește factorul de echilibrare într-un arbore AVL?,Diferența dintre înălțimea subarborelui drept și cea a subarborelui stâng,Numărul de copii ai nodului,Suma cheilor din cei doi subarbori,Numărul de frunze din arbore,A
852,"Arborii AVL sunt numiți după G.M. Adelson-Velskii și E.M. Landis, care au introdus această structură în 1962.",Cine a introdus conceptul de arbore AVL?,Donald Knuth,John von Neumann,Edsger Dijkstra,G.M. Adelson-Velskii și E.M. Landis,D
853,Rotirile sunt operații utilizate pentru reechilibrarea arborilor AVL după inserări sau ștergeri.,Care este scopul rotirilor într-un arbore AVL?,De a elimina nodurile redundante,De a inversa ordinea cheilor,De a mări înălțimea arborelui,De a reechilibra arborele după modificări,D
854,"Există patru tipuri de rotații în arborii AVL: rotație simplă stânga, rotație simplă dreapta, rotație dublă stânga și rotație dublă dreapta.",Câte tipuri principale de rotații există într-un arbore AVL?,Două,Patru,Trei,Șase,B
855,O rotație dublă stânga (Double Left Rotation) este utilizată când dezechilibrul este de tip dreapta-stânga.,Când se aplică o rotație dublă stânga într-un arbore AVL?,Când dezechilibrul este de tip dreapta-dreapta,Când dezechilibrul este de tip stânga-stânga,Când arborele este deja echilibrat,Când dezechilibrul este de tip dreapta-stânga,D
856,O rotație simplă dreapta se aplică atunci când nodul critic are un factor de echilibrare de -2 și subarborele stâng are un factor de echilibrare -1 sau 0.,În ce caz se aplică rotația simplă dreapta?,Când arborele este gol,Când subarborele drept este mai înalt cu două niveluri,Când ambii subarbori au aceeași înălțime,Când subarborele stâng este mai înalt cu două niveluri,D
857,Operația de inserare într-un arbore AVL combină inserarea din BST cu apelul funcției de echilibrare balance().,Ce pas suplimentar se realizează după inserarea unui nod într-un arbore AVL?,Se șterg nodurile vechi,Se sortează cheile,Se actualizează factorii de echilibrare și se fac rotații dacă e necesar,Se reconstruiește întreg arborele,C
858,"Factorul de echilibrare poate lua valorile -1, 0 sau +1 într-un arbore AVL echilibrat.",Care sunt valorile posibile ale factorului de echilibrare pentru un nod AVL valid?,Orice număr întreg,"-2, 0, +2","-3, 0, +3","-1, 0, +1",D
859,"Complexitatea inserării, ștergerii și căutării într-un arbore AVL este O(log n) datorită menținerii echilibrului.",Care este complexitatea operațiilor principale într-un arbore AVL?,O(log n),O(n),O(1),O(n^2),A
860,Un arbore AVL este un arbore binar de căutare echilibrat în înălțime.,Cum se descrie cel mai corect un arbore AVL?,Un arbore binar de căutare echilibrat în înălțime,O coadă de priorități,O listă dublu înlănțuită,Un graf neorientat aciclic,A
861,"În arborii AVL, după o ștergere, se actualizează factorii de echilibrare pe calea de întoarcere către rădăcină.",Ce se face după ștergerea unui nod într-un arbore AVL?,Se actualizează factorii de echilibrare și se efectuează rotații dacă e nevoie,Se inserează din nou toate elementele,Se reinitializează arborele,Se ignoră schimbările de echilibru,A
862,Înălțimea unui arbore AVL cu n noduri este proporțională cu log n.,Care este relația dintre numărul de noduri și înălțimea unui arbore AVL?,Înălțimea variază aleatoriu,Înălțimea este proporțională cu log n,Înălțimea este constantă,Înălțimea este proporțională cu n,B
863,Arborii binari de căutare pot fi utilizați în aplicații geometrice precum intersecția dreptunghiurilor sau căutări în intervale 2D.,În ce tip de aplicații sunt folosiți arborii BST?,Compilatoare,Aplicații geometrice și baze de date spațiale,Procesarea de imagini 3D,Rețele neuronale,B
864,"Codificarea Huffman utilizează arbori binari pentru compresia datelor, construind un arbore optim bazat pe frecvențele caracterelor.",Ce rol au arborii binari în codificarea Huffman?,Stochează culorile pixelilor,Generează tabele de hash,Reprezintă ierarhia de priorități pentru caractere,Calculează sume parțiale,C
865,Construirea arborelui Huffman este un proces greedy care asociază coduri mai scurte caracterelor mai frecvente.,Ce strategie se folosește la construirea arborelui Huffman?,Divide et impera,Backtracking,Greedy (lacomă),Programare dinamică,C
866,Un arbore AVL se consideră dezechilibrat dacă pentru un nod factorul de echilibrare devine +2 sau -2.,Ce condiție indică dezechilibrul într-un arbore AVL?,Factor de echilibrare +1,Factor de echilibrare ±2,Arbore gol,Factor de echilibrare 0,B
867,Reechilibrarea unui arbore AVL se face prin rotații locale fără a reconstrui întregul arbore.,Cum se realizează reechilibrarea arborilor AVL?,Prin sortare globală,Prin rotații locale asupra nodurilor dezechilibrate,Prin schimbarea tuturor cheilor,Prin refacerea completă a structurii arborelui,B
868,Procedura balance() analizează factorul de echilibrare și alege rotația potrivită pentru reechilibrare.,Ce determină funcția balance() într-un arbore AVL?,Ce tip de rotație trebuie aplicat,Înălțimea arborelui,Culoarea nodurilor,Numărul de noduri,A
869,Inserarea recursivă într-un arbore binar de căutare verifică poziția corectă a cheii și inserează un nod frunză corespunzător.,Ce face funcția RECURSIVE-TREE-INSERT?,Șterge un nod,Inserează un nod nou în poziția corectă din BST,Calculează factorul de echilibrare,Caută cheia maximă,B
870,Un arbore binar este echilibrat dacă pentru fiecare nod diferența de înălțime între subarbori este cel mult 1.,Ce condiție definește un arbore echilibrat?,Diferența de înălțime între subarbori este ≤ 1 pentru fiecare nod,Subarborii stâng și drept au același număr de noduri,Are același număr de frunze ca de noduri interne,Toate cheile sunt identice,A
871,"Arborii Splay sunt arbori binari de căutare care se autoechilibrează prin rotații la fiecare acces, aducând nodul accesat în rădăcină.",Ce caracterizează arborii Splay?,Sunt arbori binari de căutare care se echilibrează automat după fiecare acces,Sunt arbori care nu permit ștergerea nodurilor,Sunt arbori liniari fără rotații,Sunt structuri bazate pe liste dublu înlănțuite,A
872,Arborii Splay se bazează pe rotații succesive care aduc nodul accesat în vârful arborelui.,Ce se întâmplă cu nodul accesat într-un arbore Splay?,Este mutat la frunză,Este șters automat,Este mutat în rădăcină prin rotații,Este colorat roșu,C
873,"Mecanismul de reechilibrare al arborilor Splay se bazează pe rotații de tip zig, zig-zag și zig-zig.",Care sunt principalele tipuri de rotații utilizate în arborii Splay?,"Zig, zig-zag și zig-zig",Orizontală și verticală,Stânga și dreapta,Sus și jos,A
874,Operația SPLAY aduce nodul curent în rădăcină prin rotații repetate până când părintele devine NIL.,Care este scopul procedurii SPLAY?,Să calculeze factorii de echilibru,Să sorteze cheile din arbore,Să aducă nodul curent în rădăcina arborelui,Să elimine toate frunzele,C
875,Operația MEMBER determină dacă un element se găsește într-un arbore Splay.,Ce face funcția MEMBER într-un arbore Splay?,Șterge nodul indicat,Verifică dacă un element există în arbore,Adaugă o cheie nouă,Unește doi arbori,B
876,"Operația INSERT adaugă o cheie nouă într-un arbore Splay, dacă aceasta nu există deja.",Ce condiție trebuie îndeplinită pentru a insera o cheie într-un arbore Splay?,Arborele să fie gol,Cheia să nu fie deja prezentă în arbore,Toate cheile să fie distincte,"Nicio condiție, se inserează oricând",B
877,Operația DELETE elimină o cheie existentă din arborele Splay.,Ce efect are funcția DELETE într-un arbore Splay?,Inversează ordinea cheilor,Elimină o cheie existentă din arbore,Reechilibrează arborele complet,Afișează valorile arborelui,B
878,"Operația JOIN unește doi arbori Splay, astfel încât toate cheile din primul sunt mai mici decât cele din al doilea.",Ce condiție trebuie îndeplinită pentru operația JOIN între doi arbori Splay?,Primul arbore este gol,Ambii arbori au aceeași înălțime,Toate cheile din primul arbore sunt mai mici decât cele din al doilea,Cei doi arbori conțin aceleași chei,C
879,"Operația SPLIT împarte un arbore Splay în doi arbori, astfel încât unii conțin chei mai mici, iar ceilalți mai mari decât o valoare dată.",Ce face operația SPLIT într-un arbore Splay?,Împarte arborele în doi pe baza unei chei date,Șterge toate frunzele,Combină doi arbori într-unul singur,Schimbă ordinea rotațiilor,A
880,Arborii Red-Black sunt arbori binari de căutare echilibrați care respectă reguli stricte de culoare pentru menținerea echilibrului.,Ce tip de structură este un arbore Red-Black?,Un heap binar complet,O matrice de chei,O listă dublu înlănțuită,Un arbore binar de căutare echilibrat prin reguli de culoare,D
881,"Regula 1 a arborilor Red-Black specifică faptul că fiecare nod este colorat fie roșu, fie negru.",Ce prevede prima regulă a arborilor Red-Black?,Toate nodurile interne sunt roșii,Rădăcina trebuie să fie roșie,Toate frunzele sunt negre,"Fiecare nod este colorat fie roșu, fie negru",D
882,A doua regulă a arborilor Red-Black impune ca rădăcina să fie întotdeauna neagră.,Ce culoare trebuie să aibă rădăcina unui arbore Red-Black?,Orice culoare,Alternantă,Roșie,Neagră,D
883,Regula 3 a arborilor Red-Black spune că nu pot exista două noduri roșii consecutive pe aceeași cale.,Ce interzice regula 3 a arborilor Red-Black?,Rădăcini roșii și frunze negre,Două noduri roșii consecutive,Două noduri negre consecutive,Mai mult de doi copii pe nod,B
884,Regula 4 a arborilor Red-Black impune ca toate drumurile de la un nod la frunze să aibă același număr de noduri negre.,Ce garantează regula 4 a arborilor Red-Black?,Toate frunzele sunt roșii,Echilibrul negru perfect pe toate căile,Doar frunzele sunt considerate noduri negre,Căile pot avea lungimi variabile,B
885,"În arborii Red-Black, înălțimea este cel mult 2 * log2(n), ceea ce garantează complexitate logaritmică.",Care este înălțimea maximă a unui arbore Red-Black cu n noduri?,2 * log2(n),n,log2(n),n/2,A
886,"Inserarea într-un arbore Red-Black începe ca într-un arbore binar de căutare, urmată de recolorări și rotații pentru respectarea regulilor.",Ce pași urmează inserarea într-un arbore Red-Black?,Ștergerea tuturor frunzelor,Conversie în arbore AVL,Inserare normală urmată de recolorări și rotații,Inserare doar în frunze negre,C
887,"Dacă părintele nodului inserat este negru, inserarea într-un arbore Red-Black este completă fără modificări suplimentare.",Ce se întâmplă dacă părintele nodului inserat este negru?,Se colorează roșu,Se șterge nodul,Se dublează înălțimea arborelui,Nu se efectuează nicio rotație sau recolorare,D
888,"Într-un arbore Red-Black, dacă un nod roșu are părinte roșu, regulile sunt încălcate și se fac rotații și recolorări.",Ce se întâmplă când un nod roșu are părinte roșu?,Se șterge automat nodul inserat,Se resetează arborele,Se colorează toate nodurile negre,Se aplică rotații și recolorări pentru a restabili regulile,D
889,O rotație simplă la stânga într-un arbore Red-Black mută nodul copil drept în poziția părintelui.,Ce efect are rotația simplă la stânga într-un arbore Red-Black?,Se șterge un nod,Se dublează înălțimea arborelui,Copilul stâng devine frunză,Copilul drept devine noul părinte al nodului rotit,D
890,Rotațiile din arborii Red-Black sunt folosite pentru a restabili echilibrul atunci când regulile de culoare sunt încălcate.,Care este scopul rotațiilor într-un arbore Red-Black?,Reechilibrarea arborelui după inserare sau ștergere,Conversia în heap,Sortarea cheilor,Ștergerea frunzelor negre,A
891,"Arborii Red-Black garantează complexitate O(log n) pentru inserare, căutare și ștergere.",Care este complexitatea operațiilor într-un arbore Red-Black?,O(log n),O(n),O(1),O(n^2),A
892,MinHeap este o structură de date bazată pe un vector care respectă proprietatea de heap minim.,Ce este un MinHeap?,Un arbore de căutare binar dezechilibrat,O listă simplu înlănțuită,Un graf orientat,Un arbore binar complet unde părintele are valoarea mai mică decât fiii săi,D
893,"Într-un MinHeap, poziția părintelui pentru elementul i este i/2.",Care este poziția părintelui pentru elementul i într-un MinHeap?,2*i,i/2,2*i+1,i-1,B
894,"Pentru un MinHeap stocat într-un tablou, copilul stâng al unui element aflat pe poziția i se află la poziția 2*i.",Unde se află copilul stâng pentru elementul i într-un MinHeap?,2*i+1,2*i,i+1,i/2,B
895,Heapify asigură păstrarea proprietății de heap după modificarea unui element.,Care este scopul funcției Heapify?,Sortează vectorul complet,Inversă pozițiile elementelor,Elimină elementele maxime,Menține proprietatea de heap minim după modificări,D
896,Procedura Build-Heap construiește o movilă dintr-un tablou neordonat de numere întregi.,Ce face funcția Build-Heap?,Șterge toate elementele din heap,Construiește un heap dintr-un tablou neordonat,Inversează ordinea elementelor,Aplică sortarea prin inserare,B
897,Operația ExtractMin extrage cel mai mic element dintr-un MinHeap.,Ce face ExtractMin într-un MinHeap?,Elimină elementul maxim,Adaugă un nou element,Reinitializează heapul,Returnează și elimină elementul minim,D
898,"Algoritmul Heapsort sortează un tablou folosind principiul heapurilor, extrăgând repetat minimul.",Pe ce principiu se bazează Heapsort?,Folosește căutare binară,Aplică recursiv sortare prin selecție,Transformă vectorul într-un heap și extrage succesiv minimul,Compară doar elementele vecine,C
899,MinHeap garantează acces rapid la elementul minim în timp O(1).,Care este complexitatea accesării elementului minim într-un MinHeap?,O(n),O(log n),O(n log n),O(1),D
900,Complexitatea construirii unui heap din n elemente este O(n).,Care este complexitatea construirii unui heap din n elemente?,O(n),O(1),O(n log n),O(log n),A
901,"Arborii 2-3 sunt o generalizare a arborilor binari de căutare echilibrați, în care un nod poate conține până la două chei și trei copii.",Ce caracterizează arborii 2-3?,Fiecare nod are o singură cheie,Fiecare nod are un singur copil,Fiecare nod poate avea maximum două chei și trei copii,Toate cheile sunt egale,C
902,Arborii 2-3 au fost introduși de J. E. Hopcroft în anul 1970 ca o îmbunătățire a arborilor binari de căutare echilibrați.,Cine a introdus arborii 2-3?,Niklaus Wirth,Robert Tarjan,J. E. Hopcroft,Donald Knuth,C
903,"Într-un arbore 2-3, cheile dintr-un nod sunt ordonate crescător de la stânga la dreapta.",Cum sunt ordonate cheile într-un nod de arbore 2-3?,Descrescător,Aleator,Crescător de la stânga la dreapta,După adâncime,C
904,"Un arbore 2-3 este întotdeauna perfect echilibrat, adică toate frunzele se află la același nivel.",Ce proprietate are un arbore 2-3 privind echilibrul?,Poate fi dezechilibrat,Are înălțime variabilă pe ramuri,Se echilibrează doar la inserare,Este întotdeauna perfect echilibrat,D
905,"Dacă un nod dintr-un arbore 2-3 are două chei, atunci va avea trei copii.",Câți copii are un nod cu două chei într-un arbore 2-3?,4,3,1,2,B
906,"Operațiile principale într-un arbore 2-3 sunt: căutare, inserare și ștergere.",Care sunt operațiile principale într-un arbore 2-3?,Sortare și filtrare,Copiere și concatenare,"Căutare, inserare și ștergere",Comparare și numărare,C
907,Inserarea într-un arbore 2-3 se realizează numai în nodurile frunză.,Unde se efectuează inserarea într-un arbore 2-3?,În nodurile interne,În orice nod,În nodurile frunză,Doar în rădăcină,C
908,"Când un nod frunză este plin în timpul inserării, acesta este împărțit în două noduri, iar cheia mediană urcă.",Ce se întâmplă când un nod frunză devine plin într-un arbore 2-3?,Se împarte nodul și cheia mediană urcă,Se creează o nouă rădăcină,Se șterge nodul,Se inserează oricum noua cheie,A
909,Ștergerea dintr-un arbore 2-3 se reduce la ștergerea unei chei dintr-o frunză.,Unde se efectuează efectiv ștergerea unei chei într-un arbore 2-3?,În nodul părinte,În orice nod intern,Într-o frunză,În rădăcină,C
910,"Într-un arbore 2-3, dacă o frunză are un singur element și trebuie ștearsă, se împrumută o cheie de la un frate sau se face o fuziune.",Ce se întâmplă când o frunză cu o singură cheie este ștearsă într-un arbore 2-3?,Se împrumută o cheie de la un frate sau se fuzionează nodurile,Se adaugă o cheie artificială,Se șterge arborele complet,Se reface întreaga structură,A
911,"Arborii B generalizează arborii 2-3, permițând mai mult de două chei per nod.",Ce generalizează arborii B față de arborii 2-3?,Au doar două niveluri,Sunt neechilibrați,Permit mai multe chei într-un nod,Folosesc doar chei binare,C
912,Un arbore B de ordin m are cel mult m copii pentru fiecare nod.,Care este numărul maxim de copii pentru un nod dintr-un arbore B de ordin m?,m-1,2m,m/2,m,D
913,"Într-un arbore B, toate frunzele se află la același nivel.",Ce proprietate au frunzele într-un arbore B?,Se pot repeta,Sunt toate pe același nivel,Se pot afla deasupra rădăcinii,Au adâncimi diferite,B
914,Rădăcina unui arbore B are cel puțin doi copii dacă nu este nod frunză.,Câți copii trebuie să aibă rădăcina unui arbore B dacă nu este frunză?,Cel puțin doi,Niciunul,Exact m copii,Exact unul,A
915,"Într-un arbore B, un nod intern cu k copii conține k-1 chei ordonate crescător.",Câte chei conține un nod intern cu k copii într-un arbore B?,k-1,k,m,k+1,A
916,Procedura B-TREE-SEARCH caută o cheie într-un arbore B parcurgând nodurile și descendenții corespunzători.,Ce face algoritmul B-TREE-SEARCH?,Inserează o cheie nouă,Sortează cheile din arbore,Caută o cheie într-un arbore B,Șterge un nod,C
917,"Dacă o pagină dintr-un arbore B este plină la inserare, se împarte în două pagini și cheia mediană urcă în părinte.",Ce se întâmplă când o pagină plină primește o nouă cheie într-un arbore B?,Se ignoră cheia,Se adaugă cheia la sfârșit,Se șterge pagina,Se împarte pagina și cheia mediană urcă,D
918,Operația de inserare într-un arbore B poate determina crearea unei noi rădăcini.,Ce se întâmplă dacă rădăcina devine plină într-un arbore B?,Se șterge arborele,Se inversează toate cheile,Se mută rădăcina la frunză,Se creează o nouă rădăcină,D
919,"Într-un arbore B, ștergerea unei chei poate duce la fuziunea paginilor atunci când frunzele au numărul minim de chei.",Când apare fuziunea paginilor într-un arbore B?,După o inserare reușită,Când ambele pagini vecine au numărul minim de chei,Când pagina este plină,Când arborele este gol,B
920,"În arborii B, dacă pagina din dreapta are mai multe chei decât minimul, se poate împrumuta o cheie pentru a evita fuziunea.",Cum se evită fuziunea într-un arbore B?,Prin ștergerea tuturor cheilor,Prin crearea unei noi rădăcini,Prin duplicarea cheilor,Prin împrumutul unei chei de la o pagină vecină bogată,D
921,Arborii TRIE sunt structuri arborescente multicai folosite pentru stocarea șirurilor de caractere.,Ce sunt arborii TRIE?,Arbori binari de căutare,Liste ordonate alfabetic,Structuri de date pentru stocarea și regăsirea rapidă a șirurilor de caractere,Grafuri orientate,C
922,"Numele TRIE provine din cuvântul englezesc 'retrieval', care înseamnă regăsire.",De unde provine denumirea TRIE?,Din cuvântul 'trial',Din cuvântul 'tree',Din cuvântul 'triangle',Din cuvântul 'retrieval',D
923,"Fiecare nod dintr-un arbore TRIE are până la 27 de copii, corespunzând alfabetului englez și caracterului spațiu.",Câți copii poate avea un nod TRIE pentru alfabetul englez?,28,27,25,26,B
924,Operația FIND dintr-un arbore TRIE caută un cuvânt caracter cu caracter.,Cum funcționează operația FIND într-un arbore TRIE?,Sortează caracterele din cuvânt,Caută doar primul caracter,Parcurge nodurile pentru fiecare caracter al cuvântului,Verifică doar sufixele,C
925,Căutarea într-un arbore TRIE se oprește dacă un caracter nu are nod copil corespunzător.,Când se oprește căutarea unui cuvânt într-un TRIE?,Când se ajunge la rădăcină,Când se termină alfabetul,Când un caracter lipsește din arbore,Când toate cuvintele au fost parcurse,C
926,Inserarea într-un arbore TRIE presupune crearea de noduri pentru caracterele care lipsesc din calea cuvântului.,Ce se întâmplă la inserarea unui cuvânt nou într-un TRIE?,Se creează noduri pentru caracterele lipsă,Se inserează numai prefixele comune,Se șterge arborele și se reconstruiește,Se adaugă cuvântul la sfârșit,A
927,"Dacă în timpul inserării într-un TRIE se ajunge la un nod frunză cu un alt cuvânt, acesta devine nod intern.",Ce se întâmplă dacă în timpul inserării există deja un cuvânt în frunză?,Nodul devine intern și se creează noi ramuri pentru cuvinte,Inserarea este anulată,Cuvântul vechi este înlocuit,Arborele este reinițializat,A
928,Arborii TRIE sunt eficienți pentru regăsirea cuvintelor care împărtășesc prefixe comune.,Pentru ce sunt eficienți arborii TRIE?,Sortarea numerelor întregi,Compresia imaginilor,Calculul expresiilor aritmetice,Regăsirea rapidă a cuvintelor cu prefixe comune,D
929,Căutarea unui cuvânt într-un arbore TRIE are complexitate proporțională cu lungimea cuvântului.,Care este complexitatea căutării într-un arbore TRIE?,O(1),O(log n),O(n),O(lungimea cuvântului),D
930,"Arborii TRIE pot fi folosiți în aplicații precum corectoare ortografice, completare automată și analiză de texte.",În ce domenii sunt utilizați arborii TRIE?,Corectoare ortografice și completare automată,Simulări fizice,Procesare de imagini,Grafică 3D,A
931,O demonstrație reprezintă o înșiruire de pași care se poate genera mecanic folosind reguli de inferență.,Ce reprezintă o demonstrație în teoria raționamentului?,O colecție de fapte independente,O simplă presupunere logică,O serie de pași logici derivați din reguli de inferență,Un set de axiome nedemonstrabile,C
932,Procedura de demonstrare este o specificație nedeterministă a modului de obținere a rezultatului unei interogări.,Ce este o procedură de demonstrare?,O succesiune de axiome,O regulă matematică fixă,O mulțime de reguli de inferență utilizate pentru obținerea concluziilor,Un set de ipoteze contradictorii,C
933,O procedură de demonstrare este corectă dacă Δ ⊢ g implică Δ ⊨ g.,Ce condiție definește corectitudinea unei proceduri de demonstrare?,Nu există nicio relație între Δ și g,Există întotdeauna o soluție unică,Se pot demonstra doar formule false,Tot ceea ce se poate demonstra este și adevărat,D
934,O procedură este completă dacă Δ ⊨ g implică Δ ⊢ g.,Ce exprimă completitudinea unei proceduri de demonstrare?,Numai teoremele false pot fi respinse,Toate formulele sunt automat valide,Niciun enunț nu poate fi demonstrat,Tot ce este adevărat poate fi și demonstrat,D
935,Modus ponens este o regulă fundamentală de raționament care permite derivarea concluziei q din premisele p și p → q.,Ce concluzie permite regula Modus Ponens?,"Dacă p este adevărat, q este fals","Dacă q este fals, p este fals","Dacă q este adevărat, p este fals","Dacă p și p → q sunt adevărate, atunci q este adevărat",D
936,Modus tollens este o regulă de raționament corect care permite inferența negației unei premise din negația concluziei.,Ce concluzie permite regula Modus Tollens?,"Dacă p → q, atunci p","Dacă p și q, atunci p → q","Dacă ¬p, atunci ¬q","Dacă ¬q și p → q, atunci ¬p",D
937,Abducția este o formă de raționament care merge de la efect la cauză și este considerată incorectă logic.,Ce caracterizează raționamentul abductiv?,Este o presupunere posibilă bazată pe efecte observate,Se bazează pe deducții sigure,Se folosește pentru respingerea teoremelor,Este o demonstrație logic validă,A
938,Demonstrarea de jos în sus (bottom-up) pornește de la faptele din baza de cunoștințe și derivă concluzii noi.,Ce caracterizează demonstrarea de jos în sus?,Pornește de la interogare și caută bazele logice,Folosește doar axiome fixe,Este echivalentă cu abducția,Pornește de la cunoștințele existente și derivă concluzii,D
939,Demonstrarea de sus în jos (top-down) pornește de la interogare și coboară până la faptele din baza de cunoștințe.,Cum funcționează demonstrarea de sus în jos?,Ignoră baza de cunoștințe,Se bazează exclusiv pe abducție,Pornește de la interogare și ajunge la faptele cunoscute,Pornește de la axiome și derivă teoreme,C
940,Regula modus-ponens generalizată permite derivarea atomului h dacă toate premisele sale au fost deja derivate.,Ce permite regula modus-ponens generalizată?,Negarea concluziei în lipsa premiselor,Ștergerea concluziilor false,Derivarea concluziei când toate premisele sunt adevărate,Introducerea de axiome noi,C
941,"În demonstrarea de jos în sus, regula se aplică prin înlănțuire înainte (forward chaining).",Ce tip de înlănțuire folosește demonstrarea de jos în sus?,Înapoi (backward chaining),Abductivă,Aleatorie,Înainte (forward chaining),D
942,Complexitatea demonstrației de jos în sus este liniară în raport cu dimensiunea bazei de cunoștințe dacă există o indexare adecvată.,Care este complexitatea demonstrației de jos în sus cu indexare adecvată?,Patratică,Constanta,Liniară,Exponențială,C
943,Nedeterminismul este folosit în inteligența artificială pentru a separa definiția unei soluții de modul de calcul al acesteia.,De ce se utilizează nedeterminismul în inteligența artificială?,Pentru a garanta soluții unice,Pentru a separa definiția soluției de calculul acesteia,Pentru a elimina soluțiile eronate,Pentru a reduce spațiul de căutare,B
944,Există două tipuri de nedeterminism: nu-contează (don't care) și nu-se-știe (don't know).,Care sunt cele două tipuri de nedeterminism?,Decis și indecis,Aleatoriu și determinist,Stocastic și logic,Nu-contează și nu-se-știe,D
945,Nedeterminismul 'nu-contează' presupune că o alegere greșită nu influențează existența soluției.,Ce caracterizează nedeterminismul 'nu-contează'?,Toate alegerile sunt greșite,Orice alegere duce la același rezultat,Se realizează o selecție arbitrară,Se ignoră complet spațiul de căutare,C
946,Nedeterminismul 'nu-se-știe' presupune că o alegere nereușită nu elimină posibilitatea ca alte alegeri să ducă la soluție.,Ce caracterizează nedeterminismul 'nu-se-știe'?,Este posibil ca o altă alegere să ducă la soluție,Se aplică o regulă de selecție unică,Se renunță definitiv la căutare,Toate alegerile duc la eșec,A
947,Regula rezoluției este o regulă de inferență corectă bazată pe disjuncția de literali.,Ce tip de formulă este folosită în regula rezoluției?,Implicații directe,Negări simple,Conjuncții de propoziții,Disjuncții de literali,D
948,Rezoluția SLD este o variantă a rezoluției folosită pentru clauze precise și include o funcție de selecție.,Ce înseamnă SLD în contextul rezoluției logice?,Selecție Liniară de Date,Structură Logică Dinamică,"Selectare, Linie, Determinată",Sistem Logic Determinist,C
949,"În demonstrarea de sus în jos, se combină nedeterminismul 'nu-contează' cu 'nu-se-știe'.",Ce tipuri de nedeterminism apar în demonstrarea de sus în jos?,Decis și indecis,Simplu și compus,Aleatoriu și secvențial,Nu-contează și nu-se-știe,D
950,O substituție este o funcție care asociază variabilelor termeni corespunzători.,Ce este o substituție în logica propozițională?,O regulă de inferență,Un tip de operator boolean,O funcție care asociază variabilelor termeni,O axiomă universală,C
951,Unificarea este procesul prin care două expresii devin identice prin aplicarea unei substituții potrivite.,Ce este unificarea?,Procesul de găsire a unei substituții care face două expresii egale,O formă de demonstrare inductivă,O metodă de derivare a teoremelor,O reducere a expresiilor la forme canonice,A
952,Un unificator cel mai general (cmgu) este unificatorul care poate genera toate celelalte unificări posibile.,Ce este un cmgu (cel mai general unificator)?,Un unificator care generează toate celelalte unificări posibile,O substituție parțială,Un unificator care rezolvă doar expresii atomice,Un unificator arbitrar,A
953,Două expresii sunt unificabile dacă admit cel puțin un unificator comun.,Când se consideră că două expresii sunt unificabile?,Când sunt neadevărate simultan,Când sunt contradictorii,Când nu au variabile comune,Când există cel puțin un unificator care le face identice,D
954,Algoritmul de unificare selectează perechi de neconcordanță dintre două expresii pentru a construi substituțiile.,Ce selectează algoritmul de unificare pentru a avansa?,Perechi de neconcordanță,Literalul cel mai mare,Variabile egale,Cheile comune,A
955,Un punct fix este o mulțime de atomi asupra căreia aplicarea regulilor de inferență nu mai adaugă elemente noi.,Ce reprezintă punctul fix într-o demonstrare logică?,O mulțime de axiome false,O clauză falsă,Mulțimea de consecințe care nu mai poate fi extinsă,O expresie neechivalenta,C
956,"Modelul minimal este interpretarea în care doar atomii deduși sunt adevărați, iar restul falsi.",Ce definește modelul minimal?,Modelul maximal cu toate faptele false,Interpretarea în care doar atomii deduși sunt adevărați,Modelul care conține toate posibilele valori adevărate,Modelul fără consecințe logice,B
957,Extensia raționamentului cu simboluri de funcții permite reprezentarea obiectelor prin componentele lor.,Ce permite introducerea simbolurilor de funcții în raționament?,Reprezentarea obiectelor prin componentele lor,Simplificarea expresiilor logice,Eliminarea tuturor variabilelor,Crearea de noi axiome,A
958,O pereche de neconcordanță reprezintă două subexpresii diferite din doi termeni care ocupă poziții identice în structura acestora.,Ce este o pereche de neconcordanță?,Două constante identice,Două variabile fără valori,Două subexpresii diferite situate pe poziții corespunzătoare,Două reguli contradictorii,C
959,"În demonstrarea cu simboluri de funcții, este necesar ca selecția clauzelor să fie echitabilă pentru a evita infometarea.",De ce trebuie ca selecția clauzelor să fie echitabilă?,Pentru a crește complexitatea demonstrației,Pentru a ignora modelele nevalide,Pentru a restrânge căutarea,Pentru a evita infometarea și a asigura aplicarea tuturor regulilor,D
960,Verificarea aparițiilor în unificare este esențială pentru a menține corectitudinea procesului logic.,De ce este importantă verificarea aparițiilor în procesul de unificare?,Pentru a elimina constantele redundante,Pentru a evita substituțiile circulare și erorile logice,Pentru a simplifica expresiile aritmetice,Pentru a reduce dimensiunea bazei de cunoștințe,B
961,"Utilizarea SRR presupune stabilirea domeniului problemei, identificarea conceptelor și construirea bazei de cunoștințe corespunzătoare.",Care este primul pas în utilizarea SRR?,Reprezentarea bazelor de date,Interogarea sistemului,Axiomatizarea regulilor logice,Stabilirea domeniului problemei,D
962,"Conceptualizarea domeniului presupune identificarea obiectelor, conceptelor și relațiilor care există în acel domeniu.",Ce presupune conceptualizarea domeniului într-un sistem bazat pe SRR?,Verificarea modelelor logice,Aplicarea regulilor de inferență,Crearea de interfețe grafice,"Identificarea obiectelor, conceptelor și relațiilor din domeniu",D
963,Clauzele din baza de cunoștințe trebuie să fie adevărate în interpretarea intenționată a domeniului.,Ce condiție trebuie să îndeplinească clauzele din baza de cunoștințe?,Să fie independente logic,Să fie toate disjuncte,Să fie adevărate în interpretarea intenționată,Să nu conțină simboluri de funcție,C
964,"În exemplul sistemului electric, obiectele modelate includ conexiuni, comutatoare, surse de lumină, prize și întrerupătoare.",Ce tipuri de obiecte sunt modelate în exemplul sistemului electric?,"Calculatoare, senzori, routere și baze de date","Conexiuni, comutatoare, surse de lumină, prize și întrerupătoare","Rezistențe, condensatori și tranzistori","Utilizatori, parole și token-uri",B
965,"Modelarea domeniului se face la nivelul cunoașterii de bun simț, ignorând legile fizice precum cele ale lui Kirchhoff.",La ce nivel de abstractizare se face modelarea domeniului în SRR?,La nivelul cunoașterii de bun simț (common-sense),La nivel statistic,La nivel fizic detaliat,La nivel electric cu parametri măsurabili,A
966,O axiomă din domeniul sistemului electric specifică faptul că o sursă de lumină este aprinsă dacă este alimentată și nu este defectă.,Ce condiții trebuie îndeplinite pentru ca o sursă de lumină să fie aprinsă?,Să aibă o conexiune directă cu o priză,Să fie conectată la altă sursă de lumină,Să fie în poziția 'jos',Să fie alimentată și să nu fie defectă,D
967,"În SRR, o componentă este activă dacă este conectată la o altă componentă activă sau la sursa exterioară.",Când este o componentă considerată activă?,Când este conectată la o altă componentă activă sau la sursa exterioară,Când nu este conectată la nimic,Când este în poziția 'sus',Când este aprinsă o lumină în circuit,A
968,"SRR poate fi folosit pentru a reprezenta și operații din algebra relațională precum selecția, reuniunea și proiecția.",Ce operații pot fi definite în SRR pentru baze de date relaționale?,"Sortare, agregare și filtrare","Inserare, ștergere, actualizare și validare","Selecție, reuniune, legătură și proiecție",Criptare și autentificare,C
969,"În SRR, o bază de date relațională este reprezentată printr-o mulțime de fapte de bază care descriu relațiile dintre entități.",Cum este reprezentată o bază de date relațională în SRR?,Prin arbori binari de decizie,Printr-o mulțime de fapte de bază,Prin grafuri orientate,Prin tabele SQL directe,B
970,Regula pentru proiecție în SRR permite extragerea atributelor dorite dintr-o combinație de relații.,Ce face operația de proiecție în SRR?,Ștergerea relațiilor redundante,Extragerea atributelor dorite din combinația de relații,Sortarea datelor după un atribut,Crearea unei noi baze de date,B
971,"Recursivitatea permite definirea conceptelor prin autoreferință, în timp ce inducția este metoda de demonstrare a proprietăților lor.",Ce relație există între recursivitate și inducție?,Inducția descrie funcții recursive,"Recursivitatea definește concepte, iar inducția le demonstrează proprietățile",Inducția creează concepte noi,Recursivitatea elimină redundanțele logice,B
972,"În Datalog, recursivitatea poate apărea atât în definițiile regulilor, cât și în structura termenilor.",Unde poate apărea recursivitatea în Datalog?,Numai în fapte de bază,În reguli și termeni,Exclusiv în relațiile matematice,Doar în interogări finale,B
973,"Mulțimea numerelor naturale poate fi definită recursiv, pornind de la 0 și aplicând funcția succesor.",Cum se definește recursiv mulțimea numerelor naturale?,Toate numerele sunt definite simultan,Numerele se definesc doar prin adunare,Se definesc prin relații de egalitate,"0 aparține mulțimii, iar dacă x aparține, atunci succ(x) aparține și el",D
974,"Relația ≤ pe numerele naturale se definește recursiv: 0 ≤ x și dacă x ≤ y, atunci succ(x) ≤ succ(y).",Cum se definește recursiv relația de ordine ≤ pe numerele naturale?,x ≤ y doar dacă x = y,x ≤ y dacă y este multiplu de x,"0 ≤ x și dacă x ≤ y, atunci succ(x) ≤ succ(y)","x ≤ y pentru orice x, y ∈ IN",C
975,Listele pot fi definite recursiv utilizând elementul vid și funcția cons care adaugă un element în fața unei liste.,Cum se definește recursiv o listă?,Prin inserarea în ordine alfabetică,"Vid aparține mulțimii listelor, iar dacă e ∈ E și l ∈ L, atunci cons(e,l) ∈ L",Prin concatenarea elementelor până la final,Prin parcurgere iterativă a datelor,B
976,"Predicatul lista(vid) definește o listă vidă, iar lista(cons(H,T)) definește o listă nevidă construită recursiv.","Ce semnifică predicatul lista(cons(H,T))?",O listă circulară,O listă nevidă formată dintr-un cap și o coadă,O listă sortată descrescător,O listă fără elemente,B
977,"Predicatul membru(X,cons(X,L)) afirmă că elementul X aparține listei.","Ce verifică predicatul membru(X,cons(X,L))?",Dacă X este elementul curent al listei,Dacă lista este vidă,Dacă X este primul element din lista vidă,Dacă X apare la finalul listei,A
978,"Concatenarea a două liste se poate defini recursiv astfel: concat(vid,L,L) și concat(cons(X,T),U,cons(X,V)) ← concat(T,U,V).",Cum se definește recursiv concatenarea a două liste?,Prin eliminarea duplicatelor,"Prin cazurile de bază vid și cons(X,T)",Prin inversarea listelor,Prin aplicarea funcției succesor,B
979,"Lista Prolog [a | [b]] este echivalentă cu lista [a, b].",Cum se interpretează lista Prolog [a | [b]]?,Este o listă vidă,Este o listă dublu înlănțuită,Este o listă infinită,"Este echivalentă cu lista [a, b]",D
980,Versiunea naivă a predicatului de răsturnare a unei liste are complexitate O(|L|²).,Care este complexitatea versiunii naive de răsturnare a unei liste?,O(|L|²),O(|L|),O(1),O(log|L|),A
981,Versiunea eficientă de răsturnare a unei liste folosește un acumulator care stochează rezultatul parțial.,Ce rol are acumulatorul în răsturnarea eficientă a unei liste?,Controlează ordinea alfabetică,Stochează rezultatul parțial în timpul recursiei,Elimină elementele duplicate,Verifică elementele din lista sursă,B
982,Folosirea acumulatorilor în predicatul rasturnat crește eficiența de la O(|L|²) la O(|L|).,Cum influențează folosirea acumulatorilor complexitatea operației de răsturnare?,Reduce complexitatea de la O(|L|²) la O(|L|),Crește complexitatea la O(|L|³),O menține constantă,O dublează,A
983,Arborii binari pot fi reprezentați recursiv prin noduri frunză și noduri rădăcină cu subarbori stânga și dreapta.,Cum sunt reprezentați recursiv arborii binari?,Prin liste neordonate,Prin noduri frunză și noduri rădăcină cu subarbori stânga și dreapta,Prin grafuri orientate,Prin structuri liniare fără recursivitate,B
984,"Predicatul arb_bin(fr(X)) definește un arbore binar frunză, iar arb_bin(arb(N,S,D)) definește un arbore binar compus.","Ce semnifică predicatul arb_bin(arb(N,S,D))?",Definește o relație de apartenență,Definește un arbore binar cu subarbori stâng și drept,Definește un arbore gol,Definește o listă ordonată,B
985,"Predicatul este_frunza(arb(N,S,D),X) permite identificarea frunzelor unui arbore binar.",Ce determină predicatul este_frunza?,Nodurile interne,Numărul de nivele din arbore,Frunzele unui arbore binar,Rădăcina arborelui,C
986,Reprezentarea arborilor binari folosește funcțiile fr pentru noduri frunză și arb pentru noduri intermediare.,Ce funcții se folosesc pentru reprezentarea arborilor binari?,sum și prod,list și node,cons și concat,fr pentru frunze și arb pentru noduri intermediare,D
987,Conceptul de recursivitate în Datalog permite definirea relațiilor asupra datelor și regulilor prin auto-referință.,Ce permite recursivitatea în Datalog?,Simplificarea structurii regulilor,Definirea relațiilor asupra datelor și regulilor prin auto-referință,Generarea de noi fapte arbitrare,Evitarea oricărei autoreferințe,B
988,Definițiile recursive necesită o relație de ordine parțială pe mulțimea instanțelor conceptelor definite.,Ce element este necesar pentru definițiile recursive?,O relație de ordine parțială între instanțele conceptelor,O bază de cunoștințe extinsă,Un set de axiome noi,O regulă de rezolvare SLD,A
989,"Predicatul concat(cons(X,T),U,cons(X,V)) ← concat(T,U,V) ilustrează o regulă recursivă asupra listelor.","Ce tip de definiție reprezintă predicatul concat(cons(X,T),U,cons(X,V))?",O regulă recursivă de concatenare,O regulă de inversare,O regulă de filtrare,O regulă aritmetică,A
990,Axiomatizarea domeniului numerelor naturale în Datalog folosește succesorul și recursivitatea pentru definirea relațiilor.,Ce folosește axiomatizarea domeniului numerelor naturale în Datalog?,Expresii logice negabile,Listarea exhaustivă a numerelor,Succesorul și recursivitatea pentru definirea relațiilor,Relații de apartenență statică,C
991,Recursivitatea datelor în Datalog permite definirea structurilor cum ar fi listele și arborii prin referințe la ele însele.,Ce permite recursivitatea datelor în Datalog?,Definirea structurilor cum ar fi listele și arborii prin autoreferință,Eliminarea variabilelor logice,Crearea de funcții matematice continue,Evitarea redundanței în reguli,A
992,"În SRR, axiomele trebuie să fie adevărate în orice interpretare intenționată pentru a asigura corectitudinea raționamentului.",De ce este important ca axiomele să fie adevărate în interpretarea intenționată?,Pentru a simplifica sintaxa regulilor,Pentru a asigura corectitudinea logică a sistemului,Pentru a evita redundanța informațională,Pentru a elimina clauzele nefolosite,B
993,"Predicatul activa(Y) ← conectata_la(Y,Z) ∧ activa(Z) exprimă propagarea activității într-un sistem conectat.","Ce exprimă regula activa(Y) ← conectata_la(Y,Z) ∧ activa(Z)?",Propagarea activității într-un sistem conectat,O condiție de oprire a sistemului,Un test de defectare a componentelor,O relație de echivalență între dispozitive,A
994,"Regulile din SRR pot modela relații logice și fizice, cum ar fi conexiuni electrice între componente.",Ce pot modela regulile din SRR?,Relații logice și fizice între entități,Numai relații matematice,Numai relații ierarhice,Doar structuri liniare de date,A
995,Recursivitatea regulilor în Datalog este utilizată pentru a exprima dependențe logice între fapte care se construiesc treptat.,Pentru ce este utilizată recursivitatea regulilor în Datalog?,Pentru verificarea integrității datelor,Pentru optimizarea automată a codului,Pentru exprimarea dependențelor logice între fapte,Pentru executarea paralelă a interogărilor,C
996,Funcția cons permite construirea unei liste noi dintr-un element și o listă existentă.,Ce rol are funcția cons în definirea listelor?,Concatenează două liste fără recursivitate,Construiește o nouă listă dintr-un element și o listă existentă,Verifică dimensiunea unei liste,Elimină ultimul element dintr-o listă,B
997,"În Prolog, lista [a | [b, c]] este echivalentă cu [a, b, c].","Cum se interpretează lista Prolog [a | [b, c]]?",Este o listă vidă,"Este echivalentă cu lista [a, b, c]",Este o listă infinită,Este o listă dublu înlănțuită,B
998,"Reprezentarea arborilor binari folosește constructorul arb(N,S,D), unde N este nodul rădăcină, S subarborele stâng și D cel drept.","Ce reprezintă parametrii funcției arb(N,S,D) într-un arbore binar?","Nodul rădăcină, subarborele stâng și subarborele drept",O listă de valori logice,O expresie aritmetică,Trei noduri frunză independente,A
999,"În SRR, recursivitatea termenilor permite modelarea relațiilor infinite cum ar fi succesorii numerelor naturale.",Ce permite recursivitatea termenilor în SRR?,Crearea de clauze independente,Eliminarea redundanțelor din reguli,"Modelarea relațiilor infinite, cum ar fi succesorii numerelor naturale",Limitarea interogărilor la domenii finite,C
1000,"Prin tehnicile SRR, conceptele abstracte precum listele și arborii pot fi definite recursiv și manipulate logic.",Ce oferă tehnicile SRR pentru reprezentarea conceptelor abstracte?,Evaluarea numerică a expresiilor logice,Posibilitatea de a le defini recursiv și de a le manipula logic,Reprezentarea grafică a arborilor,Conversia automată în baze de date relaționale,B
